Platform,Type,ID,Text,URL,Sentiment,Date,likes,shares,comments_count,views,sentiment_score,total_engagement
news,post,dffe33c6810214f7,"EC advises candidates to verify nomination papers before Negeri Sembilan polls. &nbsp;SEREMBAN, July 15 &mdash;&nbsp;The Election Commission (EC) has advised prospective candidates intending to contes...",https://www.malaymail.com/news/malaysia/2026/07/15/ec-advises-candidates-to-verify-nomination-papers-before-negeri-sembilan-polls/227699,,2026-07-15T09:13:49+00:00,0,0,0,0,0.0,0
news,post,12a646bed9339cdf,"BN to reveal Negeri Sembilan line-up tonight, MCA and MIC allocated 11 seats. SEREMBAN, July 15 &mdash; Barisan Nasional (BN) has allocated seven State Legislative Assembly seats to MCA while four s...",https://www.malaymail.com/news/malaysia/2026/07/15/bn-to-reveal-negeri-sembilan-line-up-tonight-mca-and-mic-allocated-11-seats/227682,,2026-07-15T07:33:17+00:00,0,0,0,0,0.0,0
news,post,0f08deb55f40aac6,"Negeri Sembilan polls: Anwar warns against dragging royalty, Constitution into campaign. KUALA PILAH, July 15 &mdash; Pakatan Harapan (PH) chairman Datuk Seri Anwar Ibrahim has reminded all parties involved in...",https://www.malaymail.com/news/malaysia/2026/07/15/negeri-sembilan-polls-anwar-warns-against-dragging-royalty-constitution-into-campaign/227614,,2026-07-15T00:50:59+00:00,0,0,0,0,0.0,0
news,post,0bd2296ce9b29728,"Negeri Sembilan polls: Aminuddin seeks fresh Pakatan mandate to preserve stability. &nbsp;KUALA PILAH, July 15 &mdash; Negeri Sembilan Pakatan Harapan (PH) chairman Datuk Seri Aminuddin Harun has urged vo...",https://www.malaymail.com/news/malaysia/2026/07/15/negeri-sembilan-polls-aminuddin-seeks-fresh-pakatan-mandate-to-preserve-stability/227613,,2026-07-15T00:48:06+00:00,0,0,0,0,0.0,0
news,post,09a89886e65b8f43,"Negeri Sembilan polls: Aminuddin to contest Linggi, Anthony Loke defends Chennah. KUALA PILAH, July 15 &mdash;&nbsp;Negeri Sembilan Menteri Besar Datuk Seri Aminuddin Harun has been announced as Pakatan...",https://www.malaymail.com/news/malaysia/2026/07/15/negeri-sembilan-polls-aminuddin-to-contest-linggi-anthony-loke-defends-chennah/227611,,2026-07-15T00:43:27+00:00,0,0,0,0,0.0,0
news,post,7756cfda8c4a9940,"After Johor wipeout, Bersama to stay out of Negeri Sembilan polls. Party says it will focus on the Melaka state election instead, citing time and resource constraints, and a tougher contest in Negeri Sembilan.",https://www.freemalaysiatoday.com/category/nation/2026/07/15/after-johor-wipeout-bersama-to-stay-out-of-negeri-sembilan-polls,,2026-07-15T09:44:48+00:00,0,0,0,0,0.0,0
news,post,9dc1362f9bc3d6f0,"PMO did not interfere in payments to company, court told. Muhyiddin Yassin’s trial hears that KCJ Engineering received RM24.3 million from JKR in advance and interim payments for a road project in Negeri Sembilan.",https://www.freemalaysiatoday.com/category/nation/2026/07/15/pmo-did-not-interfere-in-payments-to-company-court-told,,2026-07-15T09:09:24+00:00,0,0,0,0,0.0,0
news,post,37f123486972df17,"Bersama tak tanding di PRN Negeri Sembilan, tumpu Melaka. Kekangan masa dan sumber, serta isu lain yang terheret dalam pertembungan di Negeri Sembilan, antara sebab Bersama tidak mahu terlibat.",https://www.freemalaysiatoday.com/category/bahasa/tempatan/2026/07/15/bersama-tak-tanding-di-prn-negeri-sembilan-tumpu-melaka,,2026-07-15T09:04:44+00:00,0,0,0,0,0.0,0
news,post,06589304f3c26417,"Bersatu to decide tonight on logo to use in Negeri Sembilan polls. A meeting of the party’s Supreme Council is being held following the repeated postponement of seat talks with PAS, says a source.",https://www.freemalaysiatoday.com/category/nation/2026/07/15/bersatu-to-decide-tonight-on-logo-to-use-in-negeri-sembilan-polls,,2026-07-15T08:40:40+00:00,0,0,0,0,0.0,0
news,post,b0042b11c0223c2a,"Mandat di N Sembilan bukan untuk angkat individu, kata Anwar. Pengerusi PH berkata kemenangan di Negeri Sembilan penting bagi memastikan rancangan pembangunan dapat diteruskan.",https://www.freemalaysiatoday.com/category/bahasa/tempatan/2026/07/15/mandat-di-n-sembilan-bukan-untuk-angkat-individu-kata-anwar,,2026-07-15T08:14:51+00:00,0,0,0,0,0.0,0
news,post,1cdcc8de830876a8,"MCA to contest 7 seats, MIC 4 in Negeri Sembilan, says Zahid. The Barisan Nasional chairman is expected to announce the full list of BN candidates in Seremban tonight.",https://www.freemalaysiatoday.com/category/nation/2026/07/15/mca-to-contest-7-seats-mic-4-in-negeri-sembilan-says-zahid,,2026-07-15T08:12:49+00:00,0,0,0,0,0.0,0
news,post,369626f52e760e4f,PRN NS: Bakal calon disaran semak borang sebelum hari penamaan - SPR. SEREMBAN: Individu yang mahu bertanding sebagai calon pada Pilihan Raya Negeri (PRN) Negeri Sembilan ke-16 disaran mengisi borang serta membuat semakan awal dengan Pejabat Pegawai Pengurus atau Pejabat Pilihan Raya negeri sebelum hari penamaan calon pada Sabtu ini.,https://www.bharian.com.my/berita/nasional/2026/07/1588530/prn-ns-bakal-calon-disaran-semak-borang-sebelum-hari-penamaan-spr,,2026-07-15T17:29:55+00:00,0,0,0,0,0.0,0
news,post,d2aafb0e88f1ca5b,"BERSAMA ketepi PRN NS, fokus PRN Melaka. KUALA LUMPUR: Parti Bersama Malaysia (BERSAMA) memutuskan tidak bertanding Pilihan Raya Negeri (PRN) Negeri Sembilan.",https://www.bharian.com.my/berita/nasional/2026/07/1588528/bersama-ketepi-prn-ns-fokus-prn-melaka,,2026-07-15T17:28:24+00:00,0,0,0,0,0.0,0
news,post,e6763da8d35bac56,"PH perkemas strategi kempen, dekati pengundi muda menjelang PRN Negeri Sembilan. SHAH ALAM: Pakatan Harapan (PH) akan memperkemas strategi termasuk mendekati pengundi muda menjelang Pilihan Raya Negeri (PRN) Negeri Sembilan, selain menyusun gerak kerja serta penyampaian mesej yang lebih tersusun bagi mempertahan pentadbiran parti itu di negeri berkenaan.",https://www.bharian.com.my/berita/nasional/2026/07/1588509/ph-perkemas-strategi-kempen-dekati-pengundi-muda-menjelang-prn,,2026-07-15T16:55:52+00:00,0,0,0,0,0.0,0
news,post,25dd577b3ee6b7fe,"KCJ terima bayaran RM24.4 juta bagi projek bina jalan projek Jana Wibawa. KUALA LUMPUR: Pengarah Jabatan Kerja Raya (JKR) Negeri Sembilan, Datuk Wan Hasnan Wan Musa memberitahu Mahkamah Tinggi hari ini, JKR membuat pembayaran RM24.4 juta kepada sebuah syarikat pembinaan bagi projek Program Jana Wibawa.",https://www.bharian.com.my/berita/nasional/2026/07/1588492/kcj-terima-bayaran-rm244-juta-bagi-projek-bina-jalan-projek-jana,,2026-07-15T16:40:43+00:00,0,0,0,0,0.0,0
news,post,a0f03e0c37ae9664,PRN NS: Emoji 'senyum' Annuar cetus teka-teki kerjasama PAS-BERSATU. KUALA LUMPUR: Teka-teki mengenai kedudukan kerjasama antara PAS dan BERSATU dalam menghadapi Pilihan Raya Negeri (PRN) Negeri Sembilan pada 1 Ogos ini terus menjadi perhatian apabila pimpinan Perikatan Nasional (PN) enggan mengesahkan hala tuju gabungan itu.,https://www.bharian.com.my/berita/nasional/2026/07/1588469/prn-ns-emoji-senyum-annuar-cetus-teka-teki-kerjasama-pas-bersatu,,2026-07-15T16:13:21+00:00,0,0,0,0,0.0,0
news,post,23189ba1cf34aa32,'BN Johor bawa semangat Gelombang Biru bantu PRN Negeri Sembilan' - Abdul Halim. JOHOR BAHRU: Barisan Nasional (BN) Johor akan menghantar jenteranya bagi membantu BN Negeri Sembilan menghadapi Pilihan Raya Negeri (PRN) Negeri Sembilan yang dijadualkan berlangsung 1 Ogos ini.,https://www.bharian.com.my/berita/nasional/2026/07/1588452/bn-johor-bawa-semangat-gelombang-biru-bantu-prn-negeri-sembilan,,2026-07-15T15:56:47+00:00,0,0,0,0,0.0,0
news,post,2de31e3d9a16baa6,"Park Yi-Young perkuatkan pertahanan NSFC. SEREMBAN: Negeri Sembilan FC (NSFC) terus berusaha memperkukuhkan benteng pasukan itu apabila membawa masuk pemain dari Korea Selatan Park Yi-Young, sebagai import baharu kedua bagi menghadapi kempen saingan Liga Malaysia 2026/2027 yang dijadual membuka tirainya, 18 Ogos ini.",https://www.bharian.com.my/sukan/bola/2026/07/1588439/park-yi-young-perkuatkan-pertahanan-nsfc,,2026-07-15T15:39:19+00:00,0,0,0,0,0.0,0
news,post,be94fcaec7bba5b1,"PRN Negeri Sembilan: Bakal calon disaran semak borang sebelum Hari Penamaan. Seremban: Bakal calon yang ingin bertanding dalam Pilihan Raya Negeri (PRN) Negeri Sembilan ke-16 disaran mengisi borang dan membuat semakan awal dengan Pejabat Pegawai Pengurus atau Pejabat Pilihan Raya negeri sebelum hari penamaan calon, Sabtu ini.",https://www.hmetro.com.my/mutakhir/2026/07/1384745/prn-negeri-sembilan-bakal-calon-disaran-semak-borang-sebelum-hari-penamaan,,2026-07-15T17:24:47+00:00,0,0,0,0,0.0,0
news,post,008f340a89a8240a,"Projek Jana Wibawa: KCJ terima bayaran RM24.4 juta bagi projek bina jalan. Kuala Lumpur: Pengarah Jabatan Kerja Raya (JKR) Negeri Sembilan memberitahu Mahkamah Tinggi hari ini, JKR membuat bayaran sebanyak RM24.4 juta kepada sebuah syarikat pembinaan bagi projek di bawah Program Jana Wibawa.",https://www.hmetro.com.my/mutakhir/2026/07/1384736/projek-jana-wibawa-kcj-terima-bayaran-rm244-juta-bagi-projek-bina-jalan,,2026-07-15T17:07:37+00:00,0,0,0,0,0.0,0
news,post,443dae302197d5f8,BN Johor bawa semangat 'gelombang biru' bantu Negeri Sembilan. Johor Bahru: Barisan Nasional (BN) Johor akan menghantar jenteranya bagi membantu BN Negeri Sembilan dalam menghadapi Pilihan Raya Negeri (PRN) Negeri Sembilan yang dijadualkan berlangsung 1 Ogos ini.,https://www.hmetro.com.my/mutakhir/2026/07/1384704/bn-johor-bawa-semangat-gelombang-biru-bantu-negeri-sembilan,,2026-07-15T15:50:46+00:00,0,0,0,0,0.0,0
news,post,f2c037464167bd8e,"`Orang Aminuddin’ bertanding kerusi penting PRN Negeri Sembilan. KUALA PILAH: Dua pegawai utama Pengerusi Pakatan Harapan (PH) Negeri Sembilan, Datuk Seri Aminuddin Harun di pejabat Menteri Besar dinamakan calon gabungan parti politik itu untuk bersaing di dua kerusi penting Dewan Undangan Negeri (DUN) dalam Pilihan Raya Negeri (PRN) 1 Ogos ini. &#160; Mereka ialah Setiausaha Politik Menteri Besar, Nor Azman Mohamad dan Setiausaha ... Read more
The post `Orang Aminuddin&#8217; bertanding kerusi penting PRN Negeri Sembilan appeared first on Utusan Malaysia.",https://www.utusan.com.my/nasional/2026/07/orang-aminuddin-bertanding-kerusi-penting-prn-negeri-sembilan/?utm_source=rss&utm_medium=rss&utm_campaign=orang-aminuddin-bertanding-kerusi-penting-prn-negeri-sembilan,,2026-07-15T09:46:38+00:00,0,0,0,0,0.0,0
