Platform,Type,ID,Text,URL,Sentiment,Date,likes,shares,comments_count,views,sentiment_score,total_engagement,engagement_score
news,post,6bf23c6b486fc370,KM tolak tangguh PRN Melaka. KM tolak tangguh PRN Melaka&nbsp;&nbsp;Free Malaysia Today,https://news.google.com/rss/articles/CBMiYkFVX3lxTE1MU09vTzQ0LWtFZi1CVEpmNmNBamJQSjVmZFVTWXNHTFB0R3l2ZzNRUjRyREo1eERLcUppdlF6dC1yNi1qa0IxSHZHMDNOdHc0YVFJLVZOaF9xUWpyQkJSYzBR?oc=5,,2026-04-21T07:00:00+00:00,0,0,0,0,0.0,0,0.0
news,post,4ce2c62687b51890,Keputusan rasmi PRN Melaka. Keputusan rasmi PRN Melaka&nbsp;&nbsp;Berita Harian,https://news.google.com/rss/articles/CBMijAFBVV95cUxOT2ZiNUdmdjBPWVlMaW92TWFGM1oxZE9QbGdIYjQ5ZnhMTkhXTE9McW1xUE5nS0hZdDhCa1poZ0hweWV5OTYtdHRlZUVVbUlQaDA5aTZ1cHFDVEhyWUZjOVRuSjB1WnRfN3R2ZmhsSGpTaHh4RUVMSnozVC1PTnh1UTNZMmc2ODJsM3ltT9IBkgFBVV95cUxNblR4RlBtaWtIbUdvN1FZRndCNGQxQmdyR0NYRC02LU1sWVUtX1JlS0N3dFcyM2gtSkNvUmJieFlPbktnakY4UnZiTU5OVzRSU1BGVHUwYkFtWEhTWFo5VkFsNHJVY3ZIeDZPVXo3LWpsX0V0QmUzWkVMQWthcXNNcFdLcjhMeGx2Qmc1M2t5UUljdw?oc=5,,2021-11-20T08:00:00+00:00,0,0,0,0,0.0,0,0.0
news,post,d600a974acac068a,UMNO Hints At Melaka State Polls Within Four Months. UMNO Hints At Melaka State Polls Within Four Months&nbsp;&nbsp;Bernama,https://news.google.com/rss/articles/CBMiVEFVX3lxTFBHaEN2cWM2YmN4bGs0QjUyTl81WEY1bmJkSzRlQkZSVWY1a0xGbU1mYW5lblFfd19RXy1LWE9GdDVUdmM0SmJHc1d2VkZtaXoyQVpRdg?oc=5,,2026-05-17T07:00:00+00:00,0,0,0,0,0.0,0,0.0
news,post,09c3614819a2d2d8,"Jika menang, PN tawar RM200 buat penduduk Melaka. Jika menang, PN tawar RM200 buat penduduk Melaka&nbsp;&nbsp;Utusan Malaysia",https://news.google.com/rss/articles/CBMilgFBVV95cUxNWU44dndSMzVLQmV6UHhHZlhrOWdkMXRuN2plLWQwczZNdkR2MWZPVng1dDdjQTc1V3AwdEVJbTlBNFpCNTljd3RzTmxkZ3R0S0ozek9yQU0tRFIzUzBwM2ZXTDRmU195SGIzcVpUck5maXNYOUIzYmdRbVdzMmI4eVRYV3ZTWUk3RjlfNHpTQkMwVTN3Vmc?oc=5,,2021-11-14T08:00:00+00:00,0,0,0,0,0.0,0,0.0
news,post,b3a3ef0d852519c0,"Melaka polls: White votes saved BN, popular votes for PAS increased. Melaka polls: White votes saved BN, popular votes for PAS increased&nbsp;&nbsp;MalaysiaGazette",https://news.google.com/rss/articles/CBMiowFBVV95cUxQSmNHbnFUclluZFpnTEVUczdmVEhjWFFMc1psUmVhRl9hUS00YlY5YnFPT29TVTlyaU9KVFNIU1YwMVhMOExrNUt2WXZMV1RmRU1oR3RWcldXOXhmOEhjdUp1NVRPd3Nndjl3NkRnVnBDbXlfb29YZHRXekE5NWJ0bGZKaEJKSlljQTdHbktmOGdVekE3UEY2WVJZWlJsSy1zY1Zn?oc=5,,2021-12-03T08:00:00+00:00,0,0,0,0,0.0,0,0.0
news,post,47706ba4b001a944,Analyst sees PAS ditching Bersatu for Hamzah’s ‘Reset’ bloc in Melaka polls. Analyst sees PAS ditching Bersatu for Hamzah’s ‘Reset’ bloc in Melaka polls&nbsp;&nbsp;Free Malaysia Today,https://news.google.com/rss/articles/CBMiYkFVX3lxTFBYZURVbDBCVjBGdTFMMFhtN19HTTZMa3pIQ195MV9QMmxJc0dsNEVXRHdNeHlzVXFReUVQQ2hUQWVpaDluZXFjdzEwbThRNkFRVzk1eDBpWHlVM2NRdmJZNW9B?oc=5,,2026-04-30T07:00:00+00:00,0,0,0,0,0.0,0,0.0
news,post,748f50e9d668f428,[Watch] Clip Of Najib’s Trip To A Restaurant In Melaka Goes Viral. [Watch] Clip Of Najib’s Trip To A Restaurant In Melaka Goes Viral&nbsp;&nbsp;TRP | The Rakyat Post,https://news.google.com/rss/articles/CBMiugFBVV95cUxPX3FsTjdsVjkxTWtLYkM3Q2FLblRKamx1QzZsS0JtSGVOdWlmQkYyZ1F3SjJIdXBrTmJaTmppWWF6UEEzbnNfQmszMHEzbktKTHRvdmZ4dURjWXNCanRGZmZwcE5nLXRUd3E2VEhTZHZjWFlhQU1DUVlpcVdfcUZRWkxlTGQzY3NUMTd5Zm9vOWRBYWpYdFhWWERQaTdjZUtiVThNbTVraXpFcFVjNjlLbTZEMGVMMWpOUXc?oc=5,,2021-11-09T08:00:00+00:00,0,0,0,0,0.0,0,0.0
news,post,112c1574492be26d,I will show my academic certificate before 20 Nov – Kamarudin. I will show my academic certificate before 20 Nov – Kamarudin&nbsp;&nbsp;MalaysiaGazette,https://news.google.com/rss/articles/CBMioAFBVV95cUxNdV9LMk1TT0VZcnk5ekRaQ3YwM0VEWVVHbk9XQTJ4OHA3eDhpbkNHYk84ZVk3LTFQaUlGWTZUTEI2UGxxaVl6dzVQcm4xRGpQdlc4THRaUzM4ejhpdU4xdFc0OUZOOWNWSVprTmJRTmF4UUtNaGZlbl85aEZiaWtuUGNGcktkRkdjUjZ2ZjhWZXlCajJoMjFhREZSbEtBR2lu?oc=5,,2021-11-12T08:00:00+00:00,0,0,0,0,0.0,0,0.0
news,post,47e67665e4e33edd,"No ‘frogs with principles’, DAP will not campaign for ‘political frogs’. No ‘frogs with principles’, DAP will not campaign for ‘political frogs’&nbsp;&nbsp;MalaysiaGazette",https://news.google.com/rss/articles/CBMilwFBVV95cUxOZk10dlF2VEx0UW9nNUJnamczVjU2WGVtNFphU3RHR0pqcnVNTUxyaXBmODhkWkF1RXJ0LXlIa2w5ZXRLMVl3ZHpxLUp3dVlZNDNPUFdmVFRPOHQtU0FPWkN0cWZDV3FzNzFRUzNuVGVfMWFBMnRyaFhDNDY3RldrSkZtejkwRXR5V1ZsRkZSamI5aXB4RU44?oc=5,,2021-11-08T08:00:00+00:00,0,0,0,0,0.0,0,0.0
