Platform,Type,ID,Text,URL,Parent_Post_URL,Parent_Post_ID,Sentiment,Date,likes,shares,comments_count,views,sentiment_score,total_engagement,engagement_score,author,author_followers,sentiment_label,sentiment_confidence,detected_language,demographic,author_demographic,author_demo_confidence,emotion_primary,emotion_anger,emotion_fear,emotion_happy,emotion_sadness,emotion_love,emotion_surprise
x,post,2062796563752337421,"HARI INI DALAM SEJARAH

Adat Perpatih jadi Adat Pengarut!

DYMM Yang di-Pertuan Besar Negeri Sembilan baharu (?) ditabalkan di A’Famosa Golf Resort di Alor Gajah, Melaka bukan jajahan takluk Negeri Sembilan.

Resort yang sama pernah menjadi hos acara pertabalan Sultan Melaka dan Undang Naning yang palsu.",https://x.com/faizalriduan/status/2062796563752337421,,,neutral,2026-06-05 07:20:00+00:00,431,197,21,47500,0.5,1124,935.5,,,neutral,0.9377794861793518,malay,Malay/Bumiputera,Unknown,0.0,no_clear_emotion,0.05672520026564598,0.018652530387043953,0.036513082683086395,0.015087769366800785,0.09544117748737335,0.04946178197860718
x,comment,2062812006370161107,@faizalriduan Sultan Melaka tak dijemput ke untuk meriahkan majlis?,,https://x.com/faizalriduan/status/2062796563752337421,2062796563752337421,negative,2026-06-05 08:21:22+00:00,29,3,4,0,0.10041671991348267,47,,DoubleCyee,0.0,negative,0.6652776002883911,multilingual,Unknown,Unknown,0.25,surprise,0.05325253680348396,0.14177672564983368,0.03085586056113243,0.05712314322590828,0.26040971279144287,0.3806483745574951
x,comment,2062868009698648083,"@faizalriduan Tabal kat resort jual arak, syabas adat N9🍻",,https://x.com/faizalriduan/status/2062796563752337421,2062796563752337421,positive,2026-06-05 12:03:54+00:00,5,1,0,0,0.8807767748832702,7,,RedZuan@KualaSepetang.,0.0,positive,0.6025892496109009,multilingual,Unknown,Unknown,0.25,no_clear_emotion,0.15947937965393066,0.03929823264479637,0.08960834890604019,0.045233361423015594,0.2645023465156555,0.040640536695718765
x,comment,2062878692226003168,"@faizalriduan Ko Jolobak, ko Jolobu
Tuai padi tigo tangkai
Kalau kono komat Jolobu
Tak mati badan menghasai",,https://x.com/faizalriduan/status/2062796563752337421,2062796563752337421,negative,2026-06-05 12:46:21+00:00,4,1,0,0,0.0005419313907623069,6,,Razif Abu Huzaifah,0.0,negative,0.9981935620307922,malay,Malay/Bumiputera,Malay/Bumiputera,0.68,love,0.2243577390909195,0.04081480950117111,0.05215886980295181,0.03676110506057739,0.45818212628364563,0.022565603256225586
x,comment,2062899431981342801,"@faizalriduan @amvanhuizen Skali skala tabal luar negeri 
Hujan emas 🤣",,https://x.com/faizalriduan/status/2062796563752337421,2062796563752337421,neutral,2026-06-05 14:08:46+00:00,0,0,0,0,0.5,0,,ahyazid,0.0,neutral,0.7946398854255676,english,Mixed/Urban,Unknown,0.25,no_clear_emotion,0.06324729323387146,0.019796093925833702,0.05960714817047119,0.017284059897065163,0.22046034038066864,0.01929069310426712
x,comment,2062914260951556279,@faizalriduan PD pun banyak resort,,https://x.com/faizalriduan/status/2062796563752337421,2062796563752337421,neutral,2026-06-05 15:07:41+00:00,0,0,0,0,0.5,0,,parkone,0.0,neutral,0.8591594696044922,english,Mixed/Urban,Unknown,0.25,no_clear_emotion,0.21027062833309174,0.03257559984922409,0.11014605313539505,0.04139702394604683,0.23957934975624084,0.03501947969198227
x,comment,2063243178258641118,@faizalriduan negeri konoha malaysia,,https://x.com/faizalriduan/status/2062796563752337421,2062796563752337421,positive,2026-06-06 12:54:41+00:00,1,0,0,0,0.912742944061756,1,,tobizz,0.0,positive,0.7091431468725204,multilingual,Unknown,Unknown,0.25,love,0.12188871204853058,0.03227786719799042,0.07544839382171631,0.04591194540262222,0.4253349006175995,0.03411693498492241
x,comment,2063130126095982754,"@faizalriduan 1. Ini pemasyuran bukan pertabalan. 
2. Majlis dijadual berlangsung di Balai Kediaman Rasmi YTM Tunku Besar Tampin
3. Tuanku Nadzarudin menginap di A Famosa sebab dekat dengan Tampin, n tu je hotel proper yang ada area situ. 
4. Polis yg halang baginda dari bergerak ke Balai TBT",,https://x.com/faizalriduan/status/2062796563752337421,2062796563752337421,neutral,2026-06-06 05:25:27+00:00,2,0,1,0,0.5,5,,Amir Zakwan,0.0,neutral,0.9966037273406982,malay,Malay/Bumiputera,Malay/Bumiputera,0.65,anger,0.32176709175109863,0.03838912397623062,0.07925394177436829,0.03832139074802399,0.1880887746810913,0.04066316410899162
x,comment,2062837842032939283,@faizalriduan Raja A famosa,,https://x.com/faizalriduan/status/2062796563752337421,2062796563752337421,neutral,2026-06-05 10:04:01+00:00,1,1,0,0,0.5,3,,Stanley Chiew,0.0,neutral,0.7973105311393738,english,Mixed/Urban,Unknown,0.25,love,0.09865841269493103,0.014951628632843494,0.053863488137722015,0.018211927264928818,0.44208523631095886,0.02098122052848339
x,comment,2062878155120279896,@faizalriduan Dia raja negeri mana?..raja melaka..atau n9?..,,https://x.com/faizalriduan/status/2062796563752337421,2062796563752337421,neutral,2026-06-05 12:44:13+00:00,1,0,0,0,0.5,1,,hafiz8🇲🇾#🇵🇸FREEPALESTINE,0.0,neutral,0.9971924424171448,malay,Malay/Bumiputera,Unknown,0.25,no_clear_emotion,0.07976607978343964,0.018730303272604942,0.04932510107755661,0.021793706342577934,0.29427871108055115,0.03469960391521454
x,comment,2062837713712369739,@faizalriduan Donlod Yamtuan baru,,https://x.com/faizalriduan/status/2062796563752337421,2062796563752337421,neutral,2026-06-05 10:03:31+00:00,0,0,0,0,0.5,0,,Matodam,0.0,neutral,0.8796027898788452,english,Malay/Bumiputera,Malay/Bumiputera,0.72,love,0.1419774889945984,0.05079863592982292,0.0766146332025528,0.05929570645093918,0.31027334928512573,0.05134805291891098
x,comment,2063036749820088587,@faizalriduan Cuti-cuti Malaysia / Family Day .,,https://x.com/faizalriduan/status/2062796563752337421,2062796563752337421,positive,2026-06-05 23:14:25+00:00,0,0,0,0,0.9303145200014113,0,,❤️Raudhah🤍🇲🇾,0.0,positive,0.7677150666713715,multilingual,Unknown,Unknown,0.25,love,0.07532819360494614,0.028583701699972153,0.06615175306797028,0.043891455978155136,0.5016859173774719,0.03221047669649124
x,comment,2062838123793695203,@faizalriduan Yamtuan of A Famosa ke ni?,,https://x.com/faizalriduan/status/2062796563752337421,2062796563752337421,neutral,2026-06-05 10:05:09+00:00,3,1,1,0,0.5,8,,Your Mc Dreamy,0.0,neutral,0.9242308735847473,english,Mixed/Urban,Unknown,0.25,love,0.04744942486286163,0.02044765092432499,0.03534892946481705,0.02468102239072323,0.4525914192199707,0.058265186846256256
x,comment,2062863018455957649,@faizalriduan Naning ex n9 yg masuk melaka tu bukan alor gajah ke.,,https://x.com/faizalriduan/status/2062796563752337421,2062796563752337421,neutral,2026-06-05 11:44:04+00:00,0,0,0,0,0.5,0,,notak,0.0,neutral,0.8760477304458618,english,Mixed/Urban,Unknown,0.15,no_clear_emotion,0.12183807045221329,0.04682517796754837,0.058130547404289246,0.034906722605228424,0.18745674192905426,0.06800307333469391
x,comment,2063142054486814991,@faizalriduan Adat Perpantek,,https://x.com/faizalriduan/status/2062796563752337421,2062796563752337421,positive,2026-06-06 06:12:51+00:00,1,0,0,0,0.8277556851506233,1,,MK Na'im,0.0,positive,0.42585228383541107,multilingual,Unknown,Unknown,0.25,love,0.12386379390954971,0.036473289132118225,0.0707211121916771,0.04432431608438492,0.3964667022228241,0.03584984317421913
x,comment,2062970891089383563,@faizalriduan Adik..pi belajar lagi ya..buka undang tubuh negeri Melaka..ada tak disebut perkataan Naning..apa yang palsu..Naning mmg dari dulu dibenci British dan Belanda..dan Adat Perpatih Naning sejak 1200 Masihi dah bertapak di Alor Gajah dan seterusnya ke daerah2 lain..adik..pi belajar,,https://x.com/faizalriduan/status/2062796563752337421,2062796563752337421,neutral,2026-06-05 18:52:43+00:00,5,0,1,0,0.5,8,,akizamy,0.0,neutral,0.8149335384368896,english,Mixed/Urban,Unknown,0.25,love,0.05584574118256569,0.016924146562814713,0.019907495006918907,0.03331293910741806,0.7810558676719666,0.024160979315638542
x,post,2065225661615378578,"Undang mempunyai kedudukan yang mulia dalam sistem Adat Perpatih. Namun kemuliaan itu tidak membawa maksud kedaulatan diraja.

Mereka bukan pewaris takhta dan bukan daripada susur galur Putera Yang Empat. https://t.co/sLBNXMTxzh",https://x.com/islah_rasmi/status/2065225661615378578,,,negative,2026-06-12 00:12:22+00:00,313,105,20,30805,0.0007267534732818826,746,613.805,,,negative,0.9975774884223938,malay,Malay/Bumiputera,Unknown,0.0,fear,0.08130919933319092,0.3473820984363556,0.12084024399518967,0.03587152436375618,0.13499988615512848,0.09683570265769958
x,comment,2065225665654497437,"Sebaliknya, mereka ialah pembesar dan ketua adat yang diangkat untuk mewakili luak masing-masing.

Para Undang mempunyai peranan penting dalam memilih Yang di-Pertuan Besar daripada kalangan Putera Yang Empat. Namun hak memilih Raja tidak bermaksud mereka sendiri adalah Raja.",,https://x.com/islah_rasmi/status/2065225661615378578,2065225661615378578,negative,2026-06-12 00:12:23+00:00,8,2,1,0,0.010726225376129161,15,,ISLAH,0.0,negative,0.9642459154129028,malay,Malay/Bumiputera,Unknown,0.15,no_clear_emotion,0.044584885239601135,0.01594754122197628,0.0502329058945179,0.014375483617186546,0.12069763243198395,0.029811054468154907
x,comment,2065230825575342548,"Kami juga pernah keluarkan infografik latarbelakang Tuanku Muhriz Ibni Almarhum Tuanku Munawir.

Baca disini:
https://t.co/ete4HiODGw https://t.co/ENU4EPAe1I",,https://x.com/islah_rasmi/status/2065225661615378578,2065225661615378578,neutral,2026-06-12 00:32:53+00:00,28,5,0,0,0.5,38,,ISLAH,0.0,neutral,0.9953380823135376,malay,Malay/Bumiputera,Unknown,0.15,love,0.025280291214585304,0.028872203081846237,0.034220147877931595,0.05550410971045494,0.3288450241088867,0.23917952179908752
x,comment,2065245088159318376,@islah_rasmi Laaa kerani UMNO ke?,,https://x.com/islah_rasmi/status/2065225661615378578,2065225661615378578,neutral,2026-06-12 01:29:34+00:00,6,2,0,0,0.5,10,,Kokoawan,0.0,neutral,0.8887924551963806,english,Mixed/Urban,Unknown,0.25,love,0.0571351982653141,0.01593068242073059,0.033939819782972336,0.02826986275613308,0.5054414868354797,0.033753734081983566
x,comment,2065264222288945544,@islah_rasmi Kerani UMNO. Patut lah. Faham2.,,https://x.com/islah_rasmi/status/2065225661615378578,2065225661615378578,neutral,2026-06-12 02:45:36+00:00,6,1,0,0,0.5,8,,Zambri Khadir,0.0,neutral,0.8094626665115356,english,Mixed/Urban,Unknown,0.25,no_clear_emotion,0.018215401098132133,0.02181163802742958,0.01763905957341194,0.030526919290423393,0.11931227892637253,0.38879480957984924
x,comment,2065517057232568714,@islah_rasmi Susunan keutamaan Persekutuan. https://t.co/WTthmcDsjo,,https://x.com/islah_rasmi/status/2065225661615378578,2065225661615378578,neutral,2026-06-12 19:30:16+00:00,0,0,0,0,0.5,0,,Muhammad Sufian 🇵🇸🇲🇾,0.0,neutral,0.9007012248039246,english,Malay/Bumiputera,Malay/Bumiputera,0.72,love,0.06040345877408981,0.0322604775428772,0.08510274440050125,0.043702054768800735,0.38197121024131775,0.04428255558013916
x,comment,2065245467647303868,@islah_rasmi Tak habis baca perlembagaan ni...,,https://x.com/islah_rasmi/status/2065225661615378578,2065225661615378578,neutral,2026-06-12 01:31:04+00:00,3,0,0,0,0.5,3,,Saufy Jauhary 🇲🇾,0.0,neutral,0.8607427477836609,english,Mixed/Urban,Unknown,0.25,surprise,0.011309823021292686,0.06215465068817139,0.015673771500587463,0.035255447030067444,0.024499233812093735,0.8003179430961609
x,comment,2065252580230594969,@islah_rasmi Kerani UMNO? Dah sah2 la dgr kata UMNO,,https://x.com/islah_rasmi/status/2065225661615378578,2065225661615378578,neutral,2026-06-12 01:59:20+00:00,5,0,0,0,0.5,5,,Azwan,0.0,neutral,0.817671000957489,english,Mixed/Urban,Unknown,0.15,love,0.05479341000318527,0.01241526659578085,0.042142752557992935,0.02380538173019886,0.6772574186325073,0.02049814909696579
x,comment,2065237631202640077,"@islah_rasmi Tambahan:
Dalam Perlembagaan Persekutuan, di bawah perkara 160, UY4 termasuk dalam kategori Raja, (begitu juga Perlembagaan Negeri, Yamtuan, UY4 dan Tengku Besar Tampin adalah  Pemerintah).
Perkara 71 Perlembagaan Persekutuan juga menjamin kuasa yg ada pada Pembesar Memerintah. https://t.co/CnYzvkxPIw",,https://x.com/islah_rasmi/status/2065225661615378578,2065225661615378578,neutral,2026-06-12 00:59:56+00:00,9,0,3,0,0.5,18,,s α ı ρ α η ♠️,0.0,neutral,0.9955772161483765,malay,Malay/Bumiputera,Unknown,0.25,no_clear_emotion,0.0737084448337555,0.026263773441314697,0.06178385764360428,0.019619006663560867,0.1350480020046234,0.036241110414266586
x,comment,2065261932433858907,"@islah_rasmi Betul,dlm kerajaan beraja melayu,sultan perlu berdaulat.kalau tidak,semua org atau keturunan raja mana2 ada tanah boleh claim dia jadi sultan atas tanah tu.undang bkn raja.hanya kedudukan dia tinggi dlm hierarchy masyarakat.mmg dia tuan tanah,tapi hanya pemilik,bkn raja.",,https://x.com/islah_rasmi/status/2065225661615378578,2065225661615378578,negative,2026-06-12 02:36:30+00:00,1,0,0,0,0.0005072593688965066,1,,notak,0.0,negative,0.9983091354370117,malay,Malay/Bumiputera,Unknown,0.15,no_clear_emotion,0.12011388689279556,0.050069451332092285,0.08263665437698364,0.023663485422730446,0.19173866510391235,0.046922557055950165
x,comment,2065285954487873712,@islah_rasmi Huh??? Kerani umno,,https://x.com/islah_rasmi/status/2065225661615378578,2065225661615378578,neutral,2026-06-12 04:11:57+00:00,1,0,1,0,0.5,4,,tide eliforp,0.0,neutral,0.8119204044342041,english,Mixed/Urban,Unknown,0.25,love,0.06641291826963425,0.01838468387722969,0.03300606086850166,0.022050371393561363,0.6449833512306213,0.021551378071308136
x,comment,2065678969723396128,"@islah_rasmi Sejak bila Mubarak kerani UMNO??

Dia kerani Bank Bumiputera",,https://x.com/islah_rasmi/status/2065225661615378578,2065225661615378578,neutral,2026-06-13 06:13:39+00:00,0,0,0,0,0.5,0,,Luqman Haqim,0.0,neutral,0.6629423499107361,malay,Malay/Bumiputera,Unknown,0.25,love,0.03272618353366852,0.01455469336360693,0.023399408906698227,0.026763344183564186,0.5221734046936035,0.07472630590200424
x,comment,2065310210881937551,"@islah_rasmi Kalau tak jaga Islam, tak jaga tingkah laku dan akhlak sebagai pemimpin Muslim, Allah hinakan di dunia ini lagi.",,https://x.com/islah_rasmi/status/2065225661615378578,2065225661615378578,negative,2026-06-12 05:48:20+00:00,0,0,0,0,0.0005042731761932262,0,,Esselte,0.0,negative,0.9983190894126892,malay,Malay/Bumiputera,Unknown,0.25,love,0.22235962748527527,0.02049136906862259,0.029777485877275467,0.06540952622890472,0.5936025381088257,0.013867414556443691
x,comment,2065301079655633067,"@islah_rasmi Senang cerita, undang  daripada rakyat biasa diangkat menjadi raja di luak...dan diberikan kuasa memerintah ..Undang bukannya keturunan daripada darah raja..",,https://x.com/islah_rasmi/status/2065225661615378578,2065225661615378578,negative,2026-06-12 05:12:03+00:00,5,0,1,0,0.0004815995693207009,8,,~£i€~,0.0,negative,0.9983946681022644,malay,Malay/Bumiputera,Unknown,0.15,no_clear_emotion,0.061392951756715775,0.01886289194226265,0.07190558314323425,0.020368151366710663,0.22360043227672577,0.03362902253866196
x,comment,2065574730480976205,"@islah_rasmi Anda tak faham kenapa Yamtuan tak dipanggil Sultan atau Raja… dia di jemput dari Minangkabau kerana darah rajanya utk dipertuankan…. Dia bukan seperti Sultan di Pahang, Perak atau Kedah yg memang telah ada di negeri masing… sila baca sejarah kenapa wujudnya Yamtuan itu di N9",,https://x.com/islah_rasmi/status/2065225661615378578,2065225661615378578,negative,2026-06-12 23:19:26+00:00,1,0,0,0,0.0004833340644836426,1,,Imaan Hairil,0.0,negative,0.9983888864517212,malay,Malay/Bumiputera,Unknown,0.25,surprise,0.036284007132053375,0.07410518079996109,0.03102729842066765,0.0755341425538063,0.10393279045820236,0.5595696568489075
x,comment,2065643732851212727,@islah_rasmi Asalkan dari UMNO mmg bermasalah,,https://x.com/islah_rasmi/status/2065225661615378578,2065225661615378578,negative,2026-06-13 03:53:38+00:00,0,0,0,0,0.00048683881759642444,0,,manjaz69,0.0,negative,0.9983772039413452,malay,Malay/Bumiputera,Unknown,0.25,anger,0.5555787086486816,0.05205140262842178,0.027766818180680275,0.04552469030022621,0.20724767446517944,0.01512421015650034
x,post,2063452363751591943,"Ya ini memang gambar majlis kahwin dengan tetamu utama Undang Luak Jelebu yang baru sahaja memecat secara salah Yang di-Pertuan Besar Negeri Sembilan, Tuanku Muhriz ibni Almarhum Tuanku Munawir.

Dalam Undang-Undang Nan Lapan, Adat Perpatih, tindakan tersebut adalah kesalahan 'dahaga dahagi' (memberontak) atau menderhaka kepada DYMM Yamtuan Besar.

Jika DS @JalaluddinAlias orang yang kenal adat dan budi bahasa maka dia tidak membuka pintu fitnah dengan bersama-sama dengan seseorang yang menderhaka walau dalam apa keadaan dan ruang sekali pun. 🥹",https://x.com/faizalriduan/status/2063452363751591943,,,negative,2026-06-07 02:45:55+00:00,153,52,14,29573,0.0006404578685760276,514,328.573,,,negative,0.9978651404380798,malay,Malay/Bumiputera,Unknown,0.0,no_clear_emotion,0.2176155000925064,0.02332882583141327,0.0668497234582901,0.053867701441049576,0.21807432174682617,0.03249794617295265
x,comment,2063508731728650270,"@faizalriduan Juga kelihatan ADUN Klawang dari Amanah/Pakatan Harapan bersama duduk rapat mesra sebelah YTM Dato Undang Luak Jelebu.

Lojika yg sama,

AMANAH/Pakatan Harapan pun sama apa pepatih yg nak dilabel pada BN, kan?

🤦🏻‍♂️🤦🏻‍♂️🤦🏻‍♂️ https://t.co/wJW4HSlWMp",,https://x.com/faizalriduan/status/2063452363751591943,2063452363751591943,neutral,2026-06-07 06:29:54+00:00,18,4,0,0,0.5,26,,Ismet Ulam Raja,0.0,neutral,0.9853129982948303,malay,Indian,Indian,0.85,no_clear_emotion,0.029805731028318405,0.04390738531947136,0.05476224049925804,0.03237524256110191,0.12920218706130981,0.14143800735473633
x,comment,2063510732780798229,"@faizalriduan biasanya kalau pemimpin PKR N9 hadir majlis jumpa org lain, mmg tak salam ke? https://t.co/uyC1MBIRHK",,https://x.com/faizalriduan/status/2063452363751591943,2063452363751591943,neutral,2026-06-07 06:37:51+00:00,16,2,1,0,0.5,23,,Miera Asria,0.0,neutral,0.8711593747138977,english,Mixed/Urban,Unknown,0.25,love,0.1604449599981308,0.03503505513072014,0.02799086831510067,0.0686677098274231,0.5266914963722229,0.0436951145529747
x,comment,2063491016192303566,@faizalriduan @Jaiyen_nakal Bergelak ketawa seronok betul … huru hara sebuah Negeri dengan gelagat mainan politik tak beradab ni.,,https://x.com/faizalriduan/status/2063452363751591943,2063452363751591943,negative,2026-06-07 05:19:30+00:00,2,0,0,0,0.02729378789663317,2,,Nid Ali,0.0,negative,0.9090207070112228,multilingual,Malay/Bumiputera,Malay/Bumiputera,0.65,anger,0.4128367304801941,0.036743178963661194,0.2841775715351105,0.020505297929048538,0.11883961409330368,0.01588236168026924
x,comment,2063488218813858154,@faizalriduan @Nazril_Iznil Datang kenduri kahwin setelah dijemput itu sunnah dan mendapat pahala yang besar. Teruk betul perangai orang2 PH ni mengadu domba.,,https://x.com/faizalriduan/status/2063452363751591943,2063452363751591943,negative,2026-06-07 05:08:23+00:00,7,0,0,0,0.054907733201980585,7,,Ikram Rasid 🇲🇾,0.0,negative,0.8169742226600647,multilingual,Unknown,Unknown,0.25,love,0.0873861089348793,0.022623050957918167,0.06687826663255692,0.034692589193582535,0.6122753620147705,0.024901622906327248
x,comment,2063548392509485162,@faizalriduan Undang Luak Jelebu dah kena pecat sejak 2023 tapi masih pending di DKU. Of course kesayangan anak yatim. Check dgn ibu soko luak Jelebu.,,https://x.com/faizalriduan/status/2063452363751591943,2063452363751591943,negative,2026-06-07 09:07:30+00:00,0,0,0,0,0.0004824221134185902,0,,am_armani,0.0,negative,0.9983919262886047,malay,Malay/Bumiputera,Unknown,0.25,love,0.07925265282392502,0.06705198436975479,0.053647976368665695,0.030680643394589424,0.38686999678611755,0.05037175118923187
x,comment,2063484181729136845,@faizalriduan https://t.co/yD9c7uFOOR,,https://x.com/faizalriduan/status/2063452363751591943,2063452363751591943,neutral,2026-06-07 04:52:21+00:00,7,0,0,0,0.5,7,,Abg fir,0.0,neutral,0.8442661166191101,english,Mixed/Urban,Unknown,0.25,love,0.13580675423145294,0.06557358056306839,0.08355173468589783,0.07202645391225815,0.37664270401000977,0.054079096764326096
x,comment,2063488241781883346,@faizalriduan Asal semua size katik?,,https://x.com/faizalriduan/status/2063452363751591943,2063452363751591943,neutral,2026-06-07 05:08:29+00:00,1,0,0,0,0.5,1,,Dillydaly,0.0,neutral,0.9047141075134277,english,Mixed/Urban,Unknown,0.25,no_clear_emotion,0.05555538460612297,0.03297361731529236,0.035172004252672195,0.034454312175512314,0.3281943202018738,0.06144478917121887
x,comment,2063941074255819203,@faizalriduan Adat sudah di terkam harimau.,,https://x.com/faizalriduan/status/2063452363751591943,2063452363751591943,neutral,2026-06-08 11:07:52+00:00,0,0,0,0,0.5,0,,Probebenor,0.0,neutral,0.9956489205360413,malay,Malay/Bumiputera,Unknown,0.25,no_clear_emotion,0.06945798546075821,0.063656285405159,0.03190557658672333,0.028814515098929405,0.1255222111940384,0.1684340238571167
x,comment,2063522413393187237,@faizalriduan They appointed someone else with zero reason formally given.  What is stopping them reappointing another Yamtuan next week then again the next month? And on. Just because they think they can so they do.,,https://x.com/faizalriduan/status/2063452363751591943,2063452363751591943,negative,2026-06-07 07:24:16+00:00,0,0,0,0,0.150179922580719,0,,shahryn azmi,0.0,negative,0.49940025806427,english,Malay/Bumiputera,Malay/Bumiputera,0.65,no_clear_emotion,0.09816038608551025,0.08624207228422165,0.05562179535627365,0.08626531064510345,0.13411885499954224,0.05907699838280678
x,comment,2063478221208006724,"@faizalriduan #ClanJelebu ke?

Ke Jelobak, Ke Jelebu
Tuai padi tiga tangkai..

Ini tiga tangkai?",,https://x.com/faizalriduan/status/2063452363751591943,2063452363751591943,negative,2026-06-07 04:28:40+00:00,4,0,0,0,0.051833224296569835,4,,Merompak Dulu Kini dan Selamanya !!!,0.0,negative,0.8272225856781006,multilingual,Unknown,Unknown,0.25,love,0.12970508635044098,0.05086033418774605,0.07291340827941895,0.05394385755062103,0.38704267144203186,0.04909894987940788
x,comment,2063520600421961797,@faizalriduan apelah otak kau ni..politik politik politk..undang taulah dia nk refer dgn siapa bab undang tubuh negeri..hadoila..,,https://x.com/faizalriduan/status/2063452363751591943,2063452363751591943,negative,2026-06-07 07:17:04+00:00,0,0,0,0,0.06421239227056502,0,,akizamy,0.0,negative,0.7859586924314499,multilingual,Unknown,Unknown,0.25,love,0.11776362359523773,0.025218335911631584,0.058537520468235016,0.03845898434519768,0.41413599252700806,0.035945311188697815
x,comment,2063612687205150905,"@faizalriduan Bagi bukti gambar ni baru berlaku , orang poie kenduri pun kau nak politikkan apo punyo pemikiran kau ni ph oi",,https://x.com/faizalriduan/status/2063452363751591943,2063452363751591943,neutral,2026-06-07 13:22:59+00:00,1,0,0,0,0.5,1,,pudin,0.0,neutral,0.7331417798995972,english,Mixed/Urban,Unknown,0.15,no_clear_emotion,0.04614889249205589,0.015416867099702358,0.023030679672956467,0.015445648692548275,0.13193504512310028,0.057165518403053284
x,comment,2063518986596503643,@faizalriduan osah bangang eh gambar majlis kahwin pun nak dipolitikkan. sorry to say otak orang PH ni memang penuh taik. derhaka abah kau !,,https://x.com/faizalriduan/status/2063452363751591943,2063452363751591943,negative,2026-06-07 07:10:39+00:00,1,0,0,0,0.11948406100273132,1,,thewarlords,0.0,negative,0.6017197966575623,english,Mixed/Urban,Unknown,0.25,love,0.27152910828590393,0.029987113550305367,0.04230592027306557,0.15557587146759033,0.2966098189353943,0.02947438880801201
x,post,2063228811496640754,"Tak jugak.

Kadang lelaki nak wanita educated sebab senang faham topik. Contohnya topic skrg ni, isu takhta N9.

Borak panjang tapi dia diam je, boring. “Ahh yee”, “hmmm”, “tak faham la adat perpatih tu apa, nak saya cedok nasi utk abang?”, gitu jawapan dia.

Educated ni best.",https://x.com/BendiTheBagak/status/2063228811496640754,,,positive,2026-06-06 11:57:36+00:00,141,46,4,8485,0.9960594594478607,275,253.485,,,positive,0.9868648648262024,malay,Malay/Bumiputera,Unknown,0.0,surprise,0.10327701270580292,0.2646687924861908,0.012451788410544395,0.07188498228788376,0.07320965081453323,0.3250938653945923
x,comment,2063454719541141582,"@BendiTheBagak Yes, the best ones are especially the one yang contradicts opinion and sometimes their opinion makes you rethink yours. But its hard to find",,https://x.com/BendiTheBagak/status/2063228811496640754,2063228811496640754,positive,2026-06-07 02:55:16+00:00,2,0,1,0,0.865850532054901,5,,Aqil jer,0.0,positive,0.5528351068496704,english,Mixed/Urban,Unknown,0.25,surprise,0.05264747887849808,0.1749379187822342,0.0222624521702528,0.13775955140590668,0.0853680893778801,0.432623028755188
x,comment,2063448814477090959,"@BendiTheBagak Perempuan kalau suri rumah pun susah gak, bagi pendapat pelik², sudah la x bercampur dgn masyarakat, dia cuma bercampur dgn circle suri rumah je pastu keluar la ideologi dan isu pelik² sebab diorang ni. Aku dh kena sebab ada makcik aku x pernah kalah dlm buat keputusan.",,https://x.com/BendiTheBagak/status/2063228811496640754,2063228811496640754,negative,2026-06-07 02:31:49+00:00,7,0,1,0,0.04433915466070176,10,,Mexaze,0.0,negative,0.8522028177976608,multilingual,Unknown,Unknown,0.25,love,0.09372027963399887,0.026164114475250244,0.017219828441739082,0.09471141546964645,0.579120934009552,0.044593799859285355
x,comment,2063490696003420387,@BendiTheBagak Janji tak bagi saya serabut sudah.,,https://x.com/BendiTheBagak/status/2063228811496640754,2063228811496640754,neutral,2026-06-07 05:18:14+00:00,0,0,0,0,0.5,0,,Arif Che Kamaruddin,0.0,neutral,0.834469735622406,english,Malay/Bumiputera,Malay/Bumiputera,0.68,anger,0.7478587031364441,0.05877205356955528,0.07848453521728516,0.01513220276683569,0.046679385006427765,0.014669127762317657
x,comment,2073201582125252649,"Orang Malaysia ni mmg baik sgt la to foreigners. It’s too dangerous.

Kalau kita ke Thailand, Indonesia atau Vietnam, kita mesti ada one fear where we should never trigger the locals there kan? Kalau bergaduh dgn dorang mmg masak la.

We need to do the same. Baru tak kena pijak.",,https://x.com/BendiTheBagak/status/2063228811496640754,2063228811496640754,negative,2026-07-04 00:25:50+00:00,553,269,15,0,0.06251002550125123,1136,,Fendi #RobohKuilHaram,0.0,negative,0.7916332483291626,english,Mixed/Urban,Unknown,0.25,anger,0.40246328711509705,0.017197376117110252,0.09163939207792282,0.026173988357186317,0.26231181621551514,0.019595418125391006
x,post,2064561470986494275,"Seorang pakar adat menilai pemasyhuran Tunku Nadzaruddin sebagai YDP Besar Negeri Sembilan cacat dari sudut prosedur Adat Perpatih, didakwa mengabaikan pelantikan Pemangku Yamtuan Besar dan rundingan Lima Penghulu Luak Tanah Mengandung. https://t.co/C88KGysMlc",https://x.com/MadaniNomics/status/2064561470986494275,,,neutral,2026-06-10 04:13:07+00:00,116,44,4,13357,0.5,297,229.357,,,neutral,0.9645039439201355,malay,Malay/Bumiputera,Unknown,0.0,anger,0.3673912286758423,0.04466209188103676,0.028202153742313385,0.1187138706445694,0.278239369392395,0.024797778576612473
x,comment,2064934186625139099,.,,https://x.com/MadaniNomics/status/2064561470986494275,2064561470986494275,positive,2026-06-11 04:54:09+00:00,3,0,0,0,0.8561813116073608,3,,MadaniNomics 🇲🇾,0.0,positive,0.5206043720245361,multilingual,Unknown,Unknown,0.25,no_clear_emotion,0.12791474163532257,0.05389508232474327,0.0892452821135521,0.037083640694618225,0.2645498812198639,0.04727468639612198
x,comment,2064602805487481008,@MadaniNomics https://t.co/R3KKfd5w3N,,https://x.com/MadaniNomics/status/2064561470986494275,2064561470986494275,neutral,2026-06-10 06:57:21+00:00,2,0,0,0,0.5,2,,jawariah2121,0.0,neutral,0.9972541928291321,malay,Malay/Bumiputera,Unknown,0.25,love,0.07859417796134949,0.05280883237719536,0.05173330381512642,0.06474299728870392,0.5569504499435425,0.05516378581523895
x,comment,2064636661791883286,"@MadaniNomics Isu adat dan prosedur macam ni memang sensitif, sebab melibatkan warisan dan tradisi yang sudah lama diamalkan. Harap semua pihak dapat duduk berbincang dengan baik dan ikut saluran yang betul supaya tidak timbul kekeliruan atau perpecahan.",,https://x.com/MadaniNomics/status/2064561470986494275,2064561470986494275,negative,2026-06-10 09:11:53+00:00,2,0,0,0,0.0005575776100158469,2,,barbalis maria jose,0.0,negative,0.9981414079666138,malay,Malay/Bumiputera,Unknown,0.25,love,0.18638698756694794,0.01910569705069065,0.07229509949684143,0.021691326051950455,0.5904861688613892,0.015991155058145523
x,comment,2064707330462384432,@MadaniNomics Sampah,,https://x.com/MadaniNomics/status/2064561470986494275,2064561470986494275,neutral,2026-06-10 13:52:42+00:00,0,0,0,0,0.5,0,,Halal Defender,0.0,neutral,0.9976438879966736,malay,Malay/Bumiputera,Unknown,0.25,love,0.11644885689020157,0.04857757315039635,0.09512132406234741,0.05668335035443306,0.34427502751350403,0.04237251728773117
x,comment,2073351475733184863,"Basil hanya ingin mencintai Elma dengan bebasnya
Namun itu ternyata masih terlalu mahal harganya

Official Trailer Dan Bandung rilis! 🎬
Persiapkan hati untuk di bawa masuk lebih dalam ke dunia Basil dan Elma  💙 20 Agustus 2026 di Bioskop

#VeronaPictures #VeronaFilms #DanBandung #FilmDanBandung #OfficialTrailerDanBandung",,https://x.com/sosmedkeras/status/1672285601717190657,1672285601717190657,positive,2026-07-04 10:21:27+00:00,6,0,2,0,0.9993582546710967,12,,sosmed keras,0.0,positive,0.997860848903656,malay,Malay/Bumiputera,Unknown,0.25,love,0.09634179621934891,0.08698999881744385,0.04179944470524788,0.186928853392601,0.47942590713500977,0.05552215129137039
x,comment,2073376287339762051,"Anggota Komisi X DPR RI Fraksi PDI Perjuangan Bonnie Triyana mendorong tata kelola cagar budaya berbasis partisipasi masyarakat.

Menurut Bonnie, pendekatan pelestarian cagar budaya selama ini masih cenderung menempatkan masyarakat sebagai pihak di luar kawasan yang justru memiliki ikatan sejarah dan budaya dengan objek tersebut. Padahal, keterlibatan masyarakat menjadi faktor penting untuk menjaga keberlanjutan pelestarian warisan budaya.

""Tata kelola cagar budaya ini perlu melibatkan masyarakat, tidak hanya kita melihatnya secara ekonomi saja tapi juga secara kultural sehingga si masyarakat ini ikut terlibat dan ikut bersama-sama menjaga bahkan juga mendapatkan manfaat dari cagar budaya itu sendiri,"" kata Bonnie Triyana dalam RDPU Panja Pelindungan dan Pemanfaatan Cagar Budaya, Kamis (2/7/2026).

#PDIPerjuangan
#MenangkanRakyat
#SatyamEvaJayate
#KebenaranPastiMenang
#SolidBerderap",,https://x.com/PDI_Perjuangan/status/1826231584959377513,1826231584959377513,positive,2026-07-04 12:00:03+00:00,2,2,1,0,0.9801375806331634,9,,PDI Perjuangan,0.0,positive,0.9337919354438782,malay,Malay/Bumiputera,Unknown,0.25,love,0.1505381017923355,0.059959784150123596,0.16718608140945435,0.056620486080646515,0.3061249852180481,0.043710533529520035
x,comment,2072984222948823453,"Kasus korupsi program Makan Bergizi Gratis (MBG) masih terus diusut. Kejaksaan Agung (Kejagung) menetapkan Sekretaris Deputi Bidang Promosi dan Kerja Sama Badan Gizi Nasional (BGN), Brigjen Pol. Lalu Muhammad Iwan Mahardan sebagai tersangka baru dugaan korupsi tata kelola program MBG di BGN. 

Selain itu, seorang perwira TNI turut diduga terlibat dalam kasus korupsi MBG. Geser slide-nya sampai habis, ya.

| Narasi Daily",,https://x.com/NarasiNewsroom/status/1902564871495168503,1902564871495168503,neutral,2026-07-03 10:02:07+00:00,34,16,2,0,0.5,72,,Narasi Newsroom,0.0,neutral,0.41278076171875,malay,Malay/Bumiputera,Unknown,0.2,no_clear_emotion,0.2754323482513428,0.06810443103313446,0.07511808723211288,0.045760344713926315,0.05385605990886688,0.06278564035892487
x,post,2064256188787949838,DPR Sahkan RUU Polri jadi Undang-undang https://t.co/I66eMFn9IO,https://x.com/tempodotco/status/2064256188787949838,,,negative,2026-06-09 08:00:02+00:00,20248,6346,2260,4987557,0.1017082616686821,78729,44707.557,,,negative,0.660972461104393,multilingual,Unknown,Unknown,0.0,no_clear_emotion,0.054339002817869186,0.050054553896188736,0.13709209859371185,0.04621198773384094,0.208735853433609,0.0630434975028038
x,comment,2064343087212851575,https://t.co/3wUoi8mcdQ,,https://x.com/tempodotco/status/2064256188787949838,2064256188787949838,neutral,2026-06-09 13:45:20+00:00,36,6,1,0,0.5,51,,tempo.co,0.0,neutral,0.7532505393028259,english,Mixed/Urban,Unknown,0.25,love,0.13446149230003357,0.08298636227846146,0.05183127522468567,0.06517770886421204,0.4347476065158844,0.06222157180309296
x,comment,2064257509096096068,"@tempodotco Ribut mslh Buna, APBN vs Dana Pribadi, Dubes, IHSG, Rupiah vs Dollar, MBG, Imigrasi. Tiba2 ada yg ngebut sahkan UU di DPR 🤣",,https://x.com/tempodotco/status/2064256188787949838,2064256188787949838,negative,2026-06-09 08:05:16+00:00,4987,559,17,0,0.030767396092414856,6156,,Pongo,0.0,negative,0.8974420130252838,multilingual,Unknown,Unknown,0.15,no_clear_emotion,0.03704873472452164,0.03146705403923988,0.03132239356637001,0.019109033048152924,0.04735724255442619,0.07996862381696701
x,comment,2064272199129895067,"@tempodotco Pembahasan revisi UU Polri tanpa melibatkan partisipasi publik

Pengesahan revisi UU Polri sengaja diumumkan bareng dengan kenaikan IHSG, meredam kritik dan amarah rakyat

Selamat voters 02, junjungan kalian sangat nafsu berkuasa kembali 2029.

20 tahun Indonesia gelap",,https://x.com/tempodotco/status/2064256188787949838,2064256188787949838,negative,2026-06-09 09:03:39+00:00,3830,638,8,0,0.0005122840404510609,5130,,REPUBLIK DAGELAN,0.0,negative,0.9982923865318298,malay,Malay/Bumiputera,Unknown,0.25,happy,0.10601501166820526,0.04283127561211586,0.302259624004364,0.03045644611120224,0.20466969907283783,0.02895239181816578
x,comment,2064258355473027354,"@tempodotco DPR paling cepat
kalau UU-nya
untuk komplotan mereka sendiri",,https://x.com/tempodotco/status/2064256188787949838,2064256188787949838,negative,2026-06-09 08:08:38+00:00,1875,140,6,0,0.0005146086215973011,2173,,dailyBill,0.0,negative,0.998284637928009,malay,Malay/Bumiputera,Unknown,0.25,love,0.08292138576507568,0.03303225710988045,0.1521163284778595,0.020235486328601837,0.34912797808647156,0.02701474167406559
x,comment,2064256519017996674,@tempodotco Udah hancur-hancuran ini bre. Saling dukung sesama warga ini mah bisanya. Negara udah gak tertolong.,,https://x.com/tempodotco/status/2064256188787949838,2064256188787949838,negative,2026-06-09 08:01:20+00:00,1247,55,7,0,0.020065538585186005,1378,,𝐃𝐚𝐫𝐮𝐳 𝐀𝐫𝐦𝐞𝐝𝐢𝐚𝐧,0.0,negative,0.9331148713827133,multilingual,Unknown,Unknown,0.25,fear,0.09797632694244385,0.6257246732711792,0.01620529778301716,0.21102242171764374,0.01714208535850048,0.021270575001835823
x,comment,2064299525813260637,"@tempodotco @River4fun 
seru bgt jirr tinggal di indonesia
kapan lagi ya kann nontonin drama https://t.co/x2Ce8rAQvF",,https://x.com/tempodotco/status/2064256188787949838,2064256188787949838,neutral,2026-06-09 10:52:14+00:00,946,65,2,0,0.5,1082,,Andrian,0.0,neutral,0.8625929951667786,english,Mixed/Urban,Unknown,0.25,anger,0.34814465045928955,0.10566187649965286,0.10885614156723022,0.022167544811964035,0.15387758612632751,0.07842785120010376
x,comment,2064274668857799052,@tempodotco https://t.co/d3cCakpiqy,,https://x.com/tempodotco/status/2064256188787949838,2064256188787949838,neutral,2026-06-09 09:13:28+00:00,632,62,1,0,0.5,759,,V for,0.0,neutral,0.8215022683143616,english,Mixed/Urban,Unknown,0.25,love,0.15449096262454987,0.0656878724694252,0.0610152967274189,0.057231128215789795,0.38411757349967957,0.060131240636110306
x,comment,2064316141498233050,"@tempodotco Polisi bunuh rakyat masih kurang ya? Sekarang makan rakyat? 

Polisi bisa rebut pekerjaan sipil dan digantiin sama orang-orang bastard ini? #ACAB",,https://x.com/tempodotco/status/2064256188787949838,2064256188787949838,negative,2026-06-09 11:58:15+00:00,378,33,6,0,0.08524633347988128,462,,Caleb,0.0,negative,0.7158455550670624,multilingual,Unknown,Unknown,0.15,fear,0.09224450588226318,0.2911220192909241,0.022950563579797745,0.20703177154064178,0.2737938463687897,0.07072285562753677
x,comment,2064306288000188827,@tempodotco https://t.co/Ey4pQT882d,,https://x.com/tempodotco/status/2064256188787949838,2064256188787949838,positive,2026-06-09 11:19:06+00:00,393,21,0,0,0.8436653643846511,435,,bangjum,0.0,positive,0.4788845479488373,multilingual,Malay/Bumiputera,Malay/Bumiputera,0.72,love,0.12277233600616455,0.06625141948461533,0.059153079986572266,0.05840422958135605,0.3685857057571411,0.06808798015117645
x,comment,2073391387882762337,"Nasib Bank Himbara ketika Dana SAL Ditarik

Himpunan Bank Milik Negara mendapatkan suntikan dana dari Saldo Anggaran Lebih atau SAL pemerintah. Dana itu sedianya dipakai untuk merangsang pertumbuhan kredit sektor riil. Namun ceritanya berubah ketika pemerintah menarik kembali dana SAL. Seperti apa kesulitan yang dialami Himbara?

Simak selengkapnya di program Jelasin Dong! Setiap Sabtu, pukul 14.00 WIB di Youtube Tempodotco dan Spotify Jelasin Dong!

#JelasinDong #Tempodotco",,https://x.com/tempodotco/status/2064256188787949838,2064256188787949838,positive,2026-07-04 13:00:03+00:00,27,10,6,0,0.999374097585678,65,,tempo.co,0.0,positive,0.997913658618927,malay,Malay/Bumiputera,Unknown,0.25,no_clear_emotion,0.08170587569475174,0.17392411828041077,0.13277079164981842,0.03378332406282425,0.08350495994091034,0.17245115339756012
x,comment,2064267229022367835,"@tempodotco RUU muncul -&gt; kontroversi -&gt; ""revisi"" (keep dulu) -&gt; timeline penuh sama kasus lain -&gt; RUU disahkan",,https://x.com/tempodotco/status/2064256188787949838,2064256188787949838,neutral,2026-06-09 08:43:54+00:00,353,34,0,0,0.5,421,,Gitama,0.0,neutral,0.9196921586990356,english,Mixed/Urban,Unknown,0.25,no_clear_emotion,0.06441265344619751,0.08334345370531082,0.044639430940151215,0.02133641019463539,0.031754426658153534,0.07718750834465027
x,comment,2064265503313625251,@tempodotco Kntl kuda kau pukimak,,https://x.com/tempodotco/status/2064256188787949838,2064256188787949838,neutral,2026-06-09 08:37:02+00:00,174,9,1,0,0.5,195,,The Kerupuk,0.0,neutral,0.8640782237052917,english,Mixed/Urban,Unknown,0.25,love,0.06260422617197037,0.014384511858224869,0.029065605252981186,0.02370406687259674,0.7015986442565918,0.01813296228647232
x,comment,2064266738334880095,@tempodotco https://t.co/vIMSqMmt6u,,https://x.com/tempodotco/status/2064256188787949838,2064256188787949838,neutral,2026-06-09 08:41:57+00:00,274,8,1,0,0.5,293,,inlander,0.0,neutral,0.8548378944396973,english,Mixed/Urban,Unknown,0.25,love,0.1353948414325714,0.06425641477108002,0.058977674692869186,0.05556746944785118,0.3318692147731781,0.07053685188293457
x,comment,2064518901535531074,@tempodotco 🥺,,https://x.com/tempodotco/status/2064256188787949838,2064256188787949838,negative,2026-06-10 01:23:57+00:00,2,0,0,0,0.16392768770456315,2,,narkosun,0.0,negative,0.45357437431812286,multilingual,Unknown,Unknown,0.25,love,0.19262386858463287,0.10064408928155899,0.10305581241846085,0.07764924317598343,0.28367817401885986,0.062033966183662415
x,comment,2064269088566980993,"@tempodotco Selain UU Perampasan Aset, semua bisa dengan mudah di kerjakan dan di putuskan oleh wakil rakyat, luar biasa.",,https://x.com/tempodotco/status/2064256188787949838,2064256188787949838,positive,2026-06-09 08:51:17+00:00,173,13,1,0,0.9987446725368498,202,,August,0.0,positive,0.9958155751228333,malay,Malay/Bumiputera,Unknown,0.25,no_clear_emotion,0.024945605546236038,0.036727916449308395,0.1683357208967209,0.01798206754028797,0.3339492976665497,0.07279352098703384
x,comment,2073451811164278846,"dia tau gak ya, kl aku tiba-tiba main ke alam gini buat ngelupain dia 💚 https://t.co/CCFGyscADs",,https://x.com/tanyarlfes/status/1874329768373465199,1874329768373465199,negative,2026-07-04 17:00:09+00:00,29,3,42,0,0.001672893762588501,161,,Tanyarlfes,0.0,negative,0.9944236874580383,malay,Malay/Bumiputera,Unknown,0.25,surprise,0.011564626358449459,0.04976250231266022,0.01353849470615387,0.03491922467947006,0.03771995007991791,0.8146981000900269
x,comment,2073322071409791381,"Kepada yang free esok boleh join saya dan rakan rakan untuk bersihkan Madrasah Darul Abrar di Taman Halimaton KL

Boleh komen di bawah dan saya akan DM untuk tujuan pendaftaran https://t.co/IOst03tuZc",,https://x.com/Marchfoward/status/1826239088430866723,1826239088430866723,positive,2026-07-04 08:24:36+00:00,25,15,0,0,0.9991378128528594,55,,Irfan_newboys🇲🇾🇵🇸🏳️🏴,0.0,positive,0.997126042842865,malay,Malay/Bumiputera,Unknown,0.25,no_clear_emotion,0.08458966761827469,0.016895530745387077,0.041630394756793976,0.02775168977677822,0.37398362159729004,0.03904934599995613
x,comment,2073435686649385309,"cepet banget nanti malem udh main aja 16 besar pildun, baru tadi pagi liat bang messi main 😭😭",,https://x.com/txtdrjkt/status/1930283961206333515,1930283961206333515,neutral,2026-07-04 15:56:04+00:00,3,0,1,0,0.5,6,,TXT DARI JAKARTA,0.0,neutral,0.6182273626327515,english,Mixed/Urban,Unknown,0.25,love,0.05043560639023781,0.2567768692970276,0.22949175536632538,0.03102019429206848,0.26162174344062805,0.06886317580938339
x,comment,2073362738391265386,"Tokoh publik dan para pejabat dari puluhan negara dipastikan terbang ke Teheran untuk menghadiri seremoni yang disebut banyak kalangan sebagai ""pemakaman abad ini"". Seremoni ini diyakini juga akan diikuti jutaan pelayat. https://t.co/zK2eMjRPr9",,https://x.com/BBCIndonesia/status/1904186144826564956,1904186144826564956,neutral,2026-07-04 11:06:12+00:00,1,0,0,0,0.5,1,,BBC News Indonesia,0.0,neutral,0.962153434753418,malay,Malay/Bumiputera,Unknown,0.2,surprise,0.01827555149793625,0.05505524203181267,0.03113492764532566,0.020566318184137344,0.07095541059970856,0.4370192885398865
x,comment,2073413152696623230,"Yang korupsi pejabat
Yang di sensus rakyat

Pake tanya penghasilan pula..
🤦 https://t.co/gEBE9rpvGI",,https://x.com/kenhans03/status/2019381965737357544,2019381965737357544,negative,2026-07-04 14:26:32+00:00,47,11,5,0,0.059731391072273265,84,,Ken Hans,0.0,negative,0.8008953630924225,multilingual,Unknown,Unknown,0.25,no_clear_emotion,0.10667386651039124,0.018921364098787308,0.04925360158085823,0.035759855061769485,0.31108522415161133,0.03790968656539917
x,comment,2073392288034967701,"Habis tau siapa bapaknya, I went… “oh, ini ya pentingnya menjadi ortu yang pintar…” 

(Membuka buku untuk kembali belajar)",,https://x.com/nabiylarisfa/status/1876179720607592936,1876179720607592936,positive,2026-07-04 13:03:37+00:00,7588,665,43,0,0.8216000333428383,9047,,Nabiyla Risfa Izzati,0.0,positive,0.4053334444761276,multilingual,Unknown,Unknown,0.25,happy,0.016261978074908257,0.055143408477306366,0.48771992325782776,0.022743500769138336,0.17391851544380188,0.0804687961935997
x,comment,2062738409383428444,@AfralAbdullah @anwaribrahim @dapmalaysia @pakatanharapan_ bahahaha,,https://x.com/AfralAbdullah/status/2062316226559512921,2062316226559512921,negative,2026-06-05 03:28:55+00:00,0,0,0,0,0.17356313467025755,0,,Benny H. 🍉,0.0,negative,0.4214562177658081,multilingual,Unknown,Unknown,0.25,love,0.15455956757068634,0.05125351995229721,0.10767204314470291,0.047410547733306885,0.44734522700309753,0.03623450547456741
x,comment,2062723867903435048,"@AfralAbdullah @anwaribrahim @dapmalaysia @pakatanharapan_ Situ PRN, sini PRN, bubar Parlimen je la. Kita undi satu Malaysia terus. Senang, tgk siapa yg kena",,https://x.com/AfralAbdullah/status/2062316226559512921,2062316226559512921,negative,2026-06-05 02:31:08+00:00,1,0,0,0,0.0004860520362853782,1,,Azwan,0.0,negative,0.9983798265457153,malay,Malay/Bumiputera,Unknown,0.15,love,0.027939043939113617,0.020144082605838776,0.058767467737197876,0.023129798471927643,0.2955106496810913,0.29286089539527893
x,comment,2062752778712502447,@MadaniNomics Aminudin dah dpt restu kapir Anthony Loke 🚀,,https://x.com/MadaniNomics/status/2062581877144469698,2062581877144469698,neutral,2026-06-05 04:26:01+00:00,0,0,0,0,0.5,0,,Amir Ezwan,0.0,neutral,0.9976420402526855,malay,Malay/Bumiputera,Malay/Bumiputera,0.65,happy,0.0449565090239048,0.1810687929391861,0.2983860671520233,0.021706597879529,0.2354632318019867,0.08392136543989182
x,comment,2073401665932394700,"Pdhl istrinya jauh lebih bening, burane beleng.🤦 https://t.co/gEABYVltsh",,https://x.com/Anak__Ogi/status/2048996272443719943,2048996272443719943,negative,2026-07-04 13:40:53+00:00,76,14,13,0,0.07350860238075257,143,,Anak ogi,0.0,negative,0.7549713253974915,english,Mixed/Urban,Unknown,0.25,love,0.05152890831232071,0.037156570702791214,0.16723856329917908,0.02165842056274414,0.642417311668396,0.022167369723320007
x,post,2068495169910153512,"Menurut Aminuddin, guru PPPK Paruh Waktu hanya datang ke sekolah pada jam ajarnya saja. 

Silahkan terangkan temen-temen guru PPPK Paruh waktu 🙏 https://t.co/Rpuswy9SV5",https://x.com/zanatul_91/status/2068495169910153512,,,negative,2026-06-21 00:44:13+00:00,2923,625,316,165790,0.10701666176319122,5521,5286.79,,,negative,0.6432777941226959,multilingual,Unknown,Unknown,0.0,no_clear_emotion,0.03602665662765503,0.02193468250334263,0.04157786816358566,0.03682407736778259,0.1635001003742218,0.05366111174225807
x,comment,2073450308395766096,"Pembangunan perlu seimbang di Johor - PM

Johor memerlukan pembangunan yang lebih seimbang meliputi kawasan luar bandar dan kampung, di samping meneruskan pelaksanaan projek berimpak tinggi. - Anwar

#SinarHarian #BeritaTerkini #AnwarIbrahim #Johor #pembangunanseimbang

https://t.co/CKfwRhQQFp",,https://x.com/SinarOnline/status/1922280712771928247,1922280712771928247,negative,2026-07-04 16:54:11+00:00,0,0,0,0,0.11978911757469177,0,,SinarHarian,0.0,negative,0.6007029414176941,multilingual,Unknown,Unknown,0.25,happy,0.08034522831439972,0.07916674017906189,0.37573710083961487,0.03847980499267578,0.2509559988975525,0.03142492100596428
x,post,2064256188787949838,DPR Sahkan RUU Polri jadi Undang-undang https://t.co/I66eMFn9IO,https://x.com/tempodotco/status/2064256188787949838,,,negative,2026-06-09 08:00:02+00:00,20248,6346,2260,4987557,0.1017082616686821,78729,44707.557,,,negative,0.660972461104393,multilingual,Unknown,Unknown,0.0,no_clear_emotion,0.054339002817869186,0.050054553896188736,0.13709209859371185,0.04621198773384094,0.208735853433609,0.0630434975028038
x,post,2062796563752337421,"HARI INI DALAM SEJARAH

Adat Perpatih jadi Adat Pengarut!

DYMM Yang di-Pertuan Besar Negeri Sembilan baharu (?) ditabalkan di A’Famosa Golf Resort di Alor Gajah, Melaka bukan jajahan takluk Negeri Sembilan.

Resort yang sama pernah menjadi hos acara pertabalan Sultan Melaka dan Undang Naning yang palsu.",https://x.com/faizalriduan/status/2062796563752337421,,,neutral,2026-06-05 07:20:00+00:00,431,197,21,47500,0.5,1124,935.5,,,neutral,0.9377794861793518,malay,Malay/Bumiputera,Unknown,0.0,no_clear_emotion,0.05672520026564598,0.018652530387043953,0.036513082683086395,0.015087769366800785,0.09544117748737335,0.04946178197860718
x,post,2065225661615378578,"Undang mempunyai kedudukan yang mulia dalam sistem Adat Perpatih. Namun kemuliaan itu tidak membawa maksud kedaulatan diraja.

Mereka bukan pewaris takhta dan bukan daripada susur galur Putera Yang Empat. https://t.co/sLBNXMTxzh",https://x.com/islah_rasmi/status/2065225661615378578,,,negative,2026-06-12 00:12:22+00:00,313,105,20,30805,0.0007267534732818826,746,613.805,,,negative,0.9975774884223938,malay,Malay/Bumiputera,Unknown,0.0,fear,0.08130919933319092,0.3473820984363556,0.12084024399518967,0.03587152436375618,0.13499988615512848,0.09683570265769958
x,post,2063452363751591943,"Ya ini memang gambar majlis kahwin dengan tetamu utama Undang Luak Jelebu yang baru sahaja memecat secara salah Yang di-Pertuan Besar Negeri Sembilan, Tuanku Muhriz ibni Almarhum Tuanku Munawir.

Dalam Undang-Undang Nan Lapan, Adat Perpatih, tindakan tersebut adalah kesalahan 'dahaga dahagi' (memberontak) atau menderhaka kepada DYMM Yamtuan Besar.

Jika DS @JalaluddinAlias orang yang kenal adat dan budi bahasa maka dia tidak membuka pintu fitnah dengan bersama-sama dengan seseorang yang menderhaka walau dalam apa keadaan dan ruang sekali pun. 🥹",https://x.com/faizalriduan/status/2063452363751591943,,,negative,2026-06-07 02:45:55+00:00,153,52,14,29573,0.0006404578685760276,514,328.573,,,negative,0.9978651404380798,malay,Malay/Bumiputera,Unknown,0.0,no_clear_emotion,0.2176155000925064,0.02332882583141327,0.0668497234582901,0.053867701441049576,0.21807432174682617,0.03249794617295265
x,post,2063228811496640754,"Tak jugak.

Kadang lelaki nak wanita educated sebab senang faham topik. Contohnya topic skrg ni, isu takhta N9.

Borak panjang tapi dia diam je, boring. “Ahh yee”, “hmmm”, “tak faham la adat perpatih tu apa, nak saya cedok nasi utk abang?”, gitu jawapan dia.

Educated ni best.",https://x.com/BendiTheBagak/status/2063228811496640754,,,positive,2026-06-06 11:57:36+00:00,141,46,4,8485,0.9960594594478607,275,253.485,,,positive,0.9868648648262024,malay,Malay/Bumiputera,Unknown,0.0,surprise,0.10327701270580292,0.2646687924861908,0.012451788410544395,0.07188498228788376,0.07320965081453323,0.3250938653945923
x,post,2064561470986494275,"Seorang pakar adat menilai pemasyhuran Tunku Nadzaruddin sebagai YDP Besar Negeri Sembilan cacat dari sudut prosedur Adat Perpatih, didakwa mengabaikan pelantikan Pemangku Yamtuan Besar dan rundingan Lima Penghulu Luak Tanah Mengandung. https://t.co/C88KGysMlc",https://x.com/MadaniNomics/status/2064561470986494275,,,neutral,2026-06-10 04:13:07+00:00,116,44,4,13357,0.5,297,229.357,,,neutral,0.9645039439201355,malay,Malay/Bumiputera,Unknown,0.0,anger,0.3673912286758423,0.04466209188103676,0.028202153742313385,0.1187138706445694,0.278239369392395,0.024797778576612473
x,post,2068495169910153512,"Menurut Aminuddin, guru PPPK Paruh Waktu hanya datang ke sekolah pada jam ajarnya saja. 

Silahkan terangkan temen-temen guru PPPK Paruh waktu 🙏 https://t.co/Rpuswy9SV5",https://x.com/zanatul_91/status/2068495169910153512,,,negative,2026-06-21 00:44:13+00:00,2923,625,316,165790,0.10701666176319122,5521,5286.79,,,negative,0.6432777941226959,multilingual,Unknown,Unknown,0.0,no_clear_emotion,0.03602665662765503,0.02193468250334263,0.04157786816358566,0.03682407736778259,0.1635001003742218,0.05366111174225807
x,post,2063873781597094089,"Bukan Salah UMNO DUN Negeri Sembilan Bubar - Mustapha Nagoor

Oleh Mynewshub

SEREMBAN – Setiausaha Badan Perhubungan UMNO Negeri Sembilan, Datuk Mustapha Nagoor menyenaraikan tujuh fakta UMNO tidak boleh dipersalahkan susulan pembubaran Dewan Undangan Negeri (DUN) Negeri Sembilan.

Beliau berkata, pelbagai pihak cuba meletakkan sepenuhnya tanggungjawab krisis politik negeri itu di bahu UMNO, sedangkan punca sebenar krisis berpunca daripada kegagalan Menteri Besar mengurus dan menyelesaikan isu yang timbul sehingga kedudukan institusi Yang Dipertuan Besar Negeri Sembilan dan Co-Ruler diperdebatkan secara terbuka.

Menurutnya, antara fakta yang perlu diberi perhatian adalah Menteri Besar telah disabdakan sebagai berbohong oleh Undang Yang Empat serta Tunku Besar Tampin, selain turut dinyatakan tidak lagi layak meneruskan jawatan tersebut dan sewajarnya meletakkan jawatan.

Katanya, tuntutan mendapatkan minit Dewan Keadilan dan Undang juga bukan dibuat oleh UMNO, sebaliknya oleh ahli dewan berkenaan sehingga mereka terpaksa mendapatkan dokumen tersebut melalui saluran mahkamah.

""Menteri Besar turut disabdakan sebagai memperlekehkan kedudukan Co-Ruler sebagaimana yang dinyatakan oleh Undang Yang Empat. Itu juga bukan kenyataan yang datang daripada UMNO,"" katanya dalam satu kenyataan.

Mustapha turut mempersoalkan mengapa UMNO dipersalahkan sedangkan Menteri Besar sebelum ini memaklumkan pembubaran DUN hanya akan berlaku seawal Oktober 2026 selepas mesyuarat Exco Kerajaan Negeri, namun akhirnya mengumumkan pembubaran DUN pada 4 Jun lalu yang berkuat kuasa sehari kemudian.

Beliau berkata, desakan awal supaya DUN Negeri Sembilan dibubarkan selepas pembubaran DUN Johor juga bukan datang daripada UMNO, sebaliknya daripada Pengerusi DAP Negeri Sembilan yang mengumumkan negeri itu akan turut membubarkan DUN dalam tempoh 24 jam selepas Johor.

Menurutnya, sepanjang krisis berkenaan sehingga pembubaran DUN dibuat, tidak pernah diadakan sebarang pertemuan rasmi atau perbincangan serius oleh Menteri Besar bersama 14 ADUN UMNO bagi menerangkan langkah penyelesaian yang sedang diambil untuk meredakan kemelut yang menjadi punca penarikan sokongan mereka pada 27 April lalu.

""Jadi tak payahlah semuanya disalahkan kepada UMNO.

""Sehingga hari ini, tiada satu kenyataan rasmi yang dikeluarkan Menteri Besar untuk menjawab, meredakan atau mendamaikan keadaan sehingga krisis ini dapat diselesaikan. Yang ada hanyalah kenyataan politik dan terus menyalahkan UMNO,"" katanya.

Beliau menegaskan UMNO tidak lari daripada tanggungjawab, sebaliknya mengambil pendirian berdasarkan prinsip, mempertahankan maruah institusi negeri serta memastikan kestabilan pentadbiran sentiasa menjadi keutamaan.

Mustapha berkata, sepanjang lebih 60 tahun UMNO mentadbir Negeri Sembilan, krisis berkaitan adat pernah berlaku namun tidak sehingga mencetuskan situasi yang disifatkan memalukan institusi diraja, Undang dan Adat Perpatih seperti yang berlaku ketika ini.

Mengulas keputusan UMNO Negeri Sembilan untuk bersedia bertanding di kesemua 36 kerusi DUN pada Pilihan Raya Negeri akan datang, beliau berkata langkah itu bukan tindakan angkuh atau mendabik dada.

Sebaliknya, katanya, keputusan tersebut dibuat selepas Pengerusi DAP Negeri Sembilan mengumumkan dalam Konvensyen Pakatan Harapan bahawa gabungan itu akan bertanding di semua 36 kerusi DUN.

""Sebagai parti yang bertanggungjawab, UMNO juga bersedia menawarkan pilihan kepada rakyat bagi menyelesaikan kemelut yang berlaku,"" katanya. - MYNEWSHUB 

Sumber Info/Foto: Akaun Media Sosial UMNO.Negeri.Sembilan",https://x.com/mynewshub/status/2063873781597094089,,,negative,2026-06-08 06:40:29+00:00,15,2,10,2390,0.00048673152923583984,50,51.39,,,negative,0.9983775615692139,malay,Malay/Bumiputera,Unknown,0.0,sadness,0.2585617005825043,0.16434726119041443,0.017556937411427498,0.378256231546402,0.03821031004190445,0.04109146445989609
x,comment,2064026245768372689,@mynewshub Sudah terdedah https://t.co/sDKZhqByIH,,https://x.com/mynewshub/status/2063873781597094089,2.0638737815970941e+18,negative,2026-06-08 16:46:19+00:00,0,0,0,0,0.10015764087438583,0,,jawariah2121,0.0,negative,0.6661411970853806,multilingual,Unknown,Unknown,0.25,no_clear_emotion,0.023002663627266884,0.1439012885093689,0.0936417430639267,0.02129119448363781,0.07427353411912918,0.27874207496643066
x,comment,2063891294154625166,@mynewshub Jangan cuba menegakkan benang yang basah!! Umnolah punca segala masalah yang berlaku!!!,,https://x.com/mynewshub/status/2063873781597094089,2.0638737815970941e+18,negative,2026-06-08 07:50:04+00:00,2,0,0,0,0.0005593657493591087,2,,jawariah2121,0.0,negative,0.9981354475021362,malay,Malay/Bumiputera,Unknown,0.25,anger,0.5297225117683411,0.0387146919965744,0.04472414031624794,0.03717819228768349,0.23863384127616882,0.018754014745354652
x,comment,2063954707958362564,@mynewshub Laaaaa....ni mesti salah Tok Mat! Haahhahaha,,https://x.com/mynewshub/status/2063873781597094089,2.0638737815970941e+18,neutral,2026-06-08 12:02:03+00:00,0,0,0,0,0.5,0,,Suraya Aziz,0.0,neutral,0.5214093327522278,english,Malay/Bumiputera,Malay/Bumiputera,0.65,love,0.06881622970104218,0.014998402446508408,0.03376970812678337,0.04029154032468796,0.7132869958877563,0.02368026040494442
x,comment,2063991905768349769,@mynewshub Sampah punya politikus,,https://x.com/mynewshub/status/2063873781597094089,2.0638737815970941e+18,neutral,2026-06-08 14:29:52+00:00,0,0,0,0,0.5,0,,HN,0.0,neutral,0.6836575865745544,english,Mixed/Urban,Unknown,0.15,love,0.05593698471784592,0.014226333238184452,0.0474744588136673,0.032197173684835434,0.5041095614433289,0.03025154210627079
x,comment,2063964237471576543,@mynewshub berapa umno bayar ni🤭,,https://x.com/mynewshub/status/2063873781597094089,2.0638737815970941e+18,neutral,2026-06-08 12:39:55+00:00,0,0,0,0,0.5,0,,walawey,0.0,neutral,0.7697791457176208,english,Mixed/Urban,Unknown,0.25,love,0.04774760827422142,0.018898922950029373,0.02289978414773941,0.028133759275078773,0.5634691715240479,0.04030095785856247
x,comment,2064012409602494604,@mynewshub Natang bodo https://t.co/4tPYw87oQp,,https://x.com/mynewshub/status/2063873781597094089,2.0638737815970941e+18,negative,2026-06-08 15:51:20+00:00,0,0,0,0,0.1507572904229164,0,,aki,0.0,negative,0.4974756985902786,multilingual,Unknown,Unknown,0.15,love,0.09838862717151642,0.022792762145400047,0.07475917041301727,0.030276170000433922,0.5325794219970703,0.02190118096768856
x,comment,2063987003344244855,@mynewshub Semakin pajang ulasan.. Semakin nampak kaki spin mengencing org...,,https://x.com/mynewshub/status/2063873781597094089,2.0638737815970941e+18,neutral,2026-06-08 14:10:23+00:00,3,0,0,0,0.5,3,,palehotakkau,0.0,neutral,0.6286094188690186,english,Mixed/Urban,Unknown,0.25,no_clear_emotion,0.015424865297973156,0.044645849615335464,0.26686593890190125,0.012499919161200523,0.08970334380865097,0.09339751303195953
x,comment,2063944924408754382,@mynewshub Janji tebuk atap gagal 🤣🤣🤣,,https://x.com/mynewshub/status/2063873781597094089,2.0638737815970941e+18,neutral,2026-06-08 11:23:10+00:00,0,0,0,0,0.5,0,,adbtc,0.0,neutral,0.6121340990066528,english,Mixed/Urban,Unknown,0.15,surprise,0.08842837065458298,0.3053107261657715,0.029245194047689438,0.03814699128270149,0.02646511048078537,0.324095219373703
x,comment,2063917870376239267,@mynewshub UMNO celaka https://t.co/Fovvgap9dY,,https://x.com/mynewshub/status/2063873781597094089,2.0638737815970941e+18,positive,2026-06-08 09:35:40+00:00,0,0,0,0,0.8359822794795035,0,,Riz,0.0,positive,0.45327426493167877,multilingual,Unknown,Unknown,0.15,love,0.13080166280269623,0.0272685419768095,0.0691290870308876,0.049032025039196014,0.36992985010147095,0.036857910454273224
x,post,2062883508125897035,"Veteran DAP Anggap Pengisytiharan Hari Ini Bertentangan Adat Perpatih

 Oleh Mynewshub 

KUALA LUMPUR - Veteran DAP, Datuk Teng Chang Khim mendakwa tindakan mengisytiharkan Yang di-Pertuan Besar Negeri Sembilan baharu di sebuah hotel di Melaka hari ini bertentangan dengan tradisi Adat Perpatih.

Beliau mendakwa, pengisytiharan itu juga secara terang-terangan telah bertindak bertentangan dengan adat dan tradisi tersebut melalui beberapa tindakan lain yang luar biasa dan belum pernah berlaku sebelum ini.

""Mengadakan 'mesyuarat dalam talian' untuk melucutkan kedudukan Yam Tuan yang sah. Mengisytiharkan seorang 'Yam Tuan baharu' di luar Negeri Sembilan iaitu di sebuah negeri yang tidak mengamalkan dan tidak berteraskan Adat Perpatih iaitu Melaka.

""Mengisytiharkan seorang 'Yam Tuan baharu' di sebuah hotel dan bukannya di premis diraja yang lazimnya menjadi tempat berlangsungnya istiadat pengisytiharan Yam Tuan secara rasmi dan penuh adat,"" dakwanya dalam satu kenyataan di media sosial.

Terdahulu, Chang Khim yang juga bekas Speaker Dewan Undangan Negeri Selangor mendakwa apa yang berlaku hari ini merupakan sandiwara politik terbesar dan kebudak-budakan yang didalangi oleh UMNO.

""Golongan yang kononnya mempertahankan Perlembagaan Negeri, budaya Melayu dan Adat Perpatih sebenarnya telah bertindak dengan jelas membelakangi Perlembagaan, budaya dan Adat Perpatih yang mereka dakwa ingin pertahankan apabila mengisytiharkan seorang Yam Tuan baharu.

""Pendek kata, golongan yang mengaku sebagai pelindung Perlembagaan dan Adat Perpatih ini sebenarnya telah melanggar kedua-duanya atas nama mempertahankannya,"" dakwanya lagi. - MYNEWSHUB

Sumber Info/Foto: Akaun Media Sosial Teng Chang Khim",https://x.com/mynewshub/status/2062883508125897035,,,negative,2026-06-05 13:05:29+00:00,8,2,8,9870,0.0004836916923522949,116,45.870000000000005,,,negative,0.9983876943588257,malay,Malay/Bumiputera,Unknown,0.0,no_clear_emotion,0.1649358570575714,0.04296036437153816,0.055339135229587555,0.04480363056063652,0.1758314073085785,0.04836031049489975
x,comment,2063059540518764975,@mynewshub DAP BUKAN CINA....DAP IALAH DOG ARAK PIG.... https://t.co/vwZ2Mtl1en,,https://x.com/mynewshub/status/2062883508125897035,2.062883508125897e+18,neutral,2026-06-06 00:44:58+00:00,1,1,0,0,0.5,3,,tembakaukari,0.0,neutral,0.6592856645584106,english,Mixed/Urban,Unknown,0.25,love,0.08052263408899307,0.024881713092327118,0.05413927510380745,0.04499070718884468,0.5373374223709106,0.034565601497888565
x,comment,2063109185957732524,"@mynewshub Ada komunis yang lbh faham adat pepatih ke????? 
Seriously pertanyaan jer ni 🤔",,https://x.com/mynewshub/status/2062883508125897035,2.062883508125897e+18,negative,2026-06-06 04:02:15+00:00,2,0,0,0,0.0006959080696106179,2,,Hamdan,0.0,negative,0.9976803064346313,malay,Malay/Bumiputera,Unknown,0.25,love,0.04198538139462471,0.02109583653509617,0.030962707474827766,0.03342374041676521,0.8020998239517212,0.025520771741867065
x,comment,2063335636518744272,"@mynewshub Abistu arahan utk polis sekat sana sini, jmpa xbole masuk xboleh tu dr siapa??
MB buat apa sembunyi minit mesyuarat? Xbg jmpa?",,https://x.com/mynewshub/status/2062883508125897035,2.062883508125897e+18,negative,2026-06-06 19:02:05+00:00,0,0,0,0,0.04334104210138323,0,,Tu-Face,0.0,negative,0.855529859662056,multilingual,Unknown,Unknown,0.25,anger,0.652733325958252,0.10568197816610336,0.03467242047190666,0.0354032926261425,0.05042755976319313,0.04063159227371216
x,comment,2063150299372736582,@mynewshub Dumno makings m type look like jokers again. I really feel sorry for the majority of Malaysians because a few of the crazy ones had totally made the whole community look like jokers.,,https://x.com/mynewshub/status/2062883508125897035,2.062883508125897e+18,negative,2026-06-06 06:45:37+00:00,1,0,0,0,0.021690255403518655,1,,Carlson Chan 🌊🌊🌊,0.0,negative,0.9276991486549377,english,Chinese,Chinese,0.82,sadness,0.017599228769540787,0.02945525571703911,0.007801327388733625,0.9113650918006897,0.010410011745989323,0.014984427951276302
x,comment,2063094107791348152,"@mynewshub Apek belajar mana , kat UEC ada ajar rukunegara ke camne",,https://x.com/mynewshub/status/2062883508125897035,2.062883508125897e+18,neutral,2026-06-06 03:02:20+00:00,0,0,0,0,0.5,0,,MRayzal,0.0,neutral,0.9923614263534546,malay,Malay/Bumiputera,Unknown,0.25,no_clear_emotion,0.05382901802659035,0.01744546741247177,0.033610034734010696,0.03205796703696251,0.28617599606513977,0.0409025102853775
x,comment,2063060740869857392,@mynewshub 😸😸😸,,https://x.com/mynewshub/status/2062883508125897035,2.062883508125897e+18,positive,2026-06-06 00:49:45+00:00,0,0,0,0,0.8944425493478775,0,,Jaybiel8833,0.0,positive,0.6481418311595917,multilingual,Unknown,Unknown,0.25,love,0.19203196465969086,0.05398349091410637,0.0651557445526123,0.030653590336441994,0.4098081886768341,0.029972944408655167
x,post,2063222311097082128,"Inilah punca yg berlaku krisis perlembagaan di Negeri Sembilan.

Menurut pandangan sesetengah pihak, kemelut yang berlaku di Negeri Sembilan hari ini bermula apabila timbul cadangan untuk menukar nama jalan kepada nama berunsur Cina, yang didakwa mendapat bantahan daripada Undang Luak Sungai Ujong. Susulan itu, timbul dakwaan bahawa DAP menggunakan pengaruh politik melalui Menteri Besar Negeri Sembilan, Datuk Seri Aminuddin Harun, untuk menyingkirkan Undang Sungai Ujong dan menggantikannya dengan individu yang lebih cenderung menyokong kepentingan mereka.

Dakwaan tersebut kemudiannya dikatakan diperkuatkan melalui laporan audit DKU yang didakwa mendedahkan penggunaan dana Persekutuan bagi menyokong kumpulan yang memihak kepada pihak tertentu. Pengkritik juga mendakwa terdapat campur tangan politik dalam urusan adat dan institusi beraja Negeri Sembilan oleh pihak yang tidak memahami sistem Adat Perpatih dan struktur pemerintahan tradisional negeri itu.

Menurut mereka, tindakan inilah yang menjadi titik permulaan kepada pelbagai pertikaian yang akhirnya berkembang menjadi krisis perlembagaan di Negeri Sembilan. Mereka berpendapat bahawa kegagalan menghormati adat, peranan Undang dan institusi tradisional negeri telah memburukkan lagi keadaan sehingga membawa kepada kemelut yang berpanjangan.",https://x.com/HalimCrypto/status/2063222311097082128,,,negative,2026-06-06 11:31:46+00:00,2,1,1,220,0.00048340559005738415,6,7.22,,,negative,0.9983886480331421,malay,Malay/Bumiputera,Unknown,0.0,no_clear_emotion,0.2314346730709076,0.03631167486310005,0.06876521557569504,0.06769628077745438,0.2681569457054138,0.02777044288814068
