Platform,Type,ID,Text,URL,Sentiment,Date,likes,shares,comments_count,views,sentiment_score,total_engagement,engagement_score,sentiment_label,sentiment_confidence,detected_language,demographic,emotion_primary,emotion_anger,emotion_fear,emotion_happy,emotion_sadness,emotion_love,emotion_surprise
linkedin,post,7411787513817919488,"2025 has been a truly memorable chapter in my journey, rich with meaningful experiences and marked by the opportunity to deliver BUDI95, a nation-level initiative for Malaysians.

Purpose-driven work isn’t always easy. It calls for fast learning, making tough trade-offs, and listening to what truly matters for our customers and the nation. But it matters… because it impacts people, communities and the way we move forward as a nation.

I’m thankful for the team’s resilience and the shared belief that meaningful impact takes shared responsibility.
This is only possible because of the team, the collaboration, the trust, and the shared commitment to do things better every day.

Proud of the journey we’ve taken together and energized for what’s next.

#PDB
#PDBDigital
#BUDI95",https://www.linkedin.com/posts/sazlina-ahamad_pdb-pdbdigital-budi95-activity-7411787513817919488-c3wi,positive,2025-12-30 15:17:27.647000+00:00,304,4,21,0,0.9911351382732391,329,375.0,positive,0.9704504609107971,english,Mixed/Urban,happy,0.02413252182304859,0.056347887963056564,0.7784533500671387,0.015874113887548447,0.08528350293636322,0.017536643892526627
linkedin,post,7444715991898451968,Last day for 300 litres of Budi95,https://www.linkedin.com/posts/peter-tan-4b5959126_last-day-for-300-litres-of-budi95-activity-7444715991898451968-c9mg,neutral,2026-03-31 12:03:28.603000+00:00,218,16,12,0,0.5,246,286.0,neutral,0.8121918439865112,english,Mixed/Urban,no_clear_emotion,0.03904671594500542,0.01463734544813633,0.03409919887781143,0.009324823506176472,0.043379686772823334,0.019186846911907196
linkedin,post,7395945406855208960,"Reflecting on how we went live with BUDI95 at Setel, it still feels a bit surreal.

I was fortunate to get the chance to build and grow alongside some incredible leaders at Setel, and serve a team with insane agency, clock-speed, and a deep connection to the mission.  Teams with this combo don’t come by often.

After many late nights and hard work, and yes, a few new white hairs. Worth it. We’ve built a seamless fuelling experience for Malaysians (by Malaysians), and I genuinely think it helps set a new normal for how we refuel in Malaysia.

To the team, thank you for your resilience, grit, and belief.

And to Malaysians, if you haven’t tried Setel yet, give it a go 🙂",https://www.linkedin.com/posts/jonathanlaimh_reflecting-on-how-we-went-live-with-budi95-activity-7395945406855208960-bGEt,positive,2025-11-16 22:06:35.015000+00:00,163,3,8,0,0.9696275413036346,174,193.0,positive,0.8987584710121155,english,Mixed/Urban,surprise,0.01341682393103838,0.061382927000522614,0.028526872396469116,0.021432915702462196,0.013613631948828697,0.8205053806304932
linkedin,post,7414989215102320640,"Team RON95 — over & out!  

Few projects test you quite like this one.

Being part of the BUDI95 Targeted Subsidy Programme has been one of the most intense and fulfilling experiences of my career — a rare intersection of policy, technology, and national impact.

What started as a policy vision quickly became an operational reality — a system that ensures Malaysia’s fuel subsidy reaches the right people, fairly, efficiently, and transparently. Delivering it required deep collaboration across ministries, tech partners, fintechs, OilCos, and countless on-ground teams — all moving in unison toward a single goal.

This experience taught me what true execution under pressure means: long nights, endless virtual calls, constant pivots, and thousands of small decisions that made a nationwide rollout possible. It reminded me that transformation isn’t about technology alone — it’s about people, trust, and relentless problem-solving.

Seeing BUDI95 now live and running across the country is deeply humbling. It’s not just a system; it’s proof of what can be achieved when people, process, and purpose move together.

I’m deeply grateful to the team and mentors who guided, challenged, and supported me throughout this journey. Your trust, resilience, and commitment made every tough day worth it — and every milestone possible.

Here’s to building systems that work — and to the teams that make them real.

For the very last time — Sekian, terima kasih.

“BERKHIDMAT UNTUK NEGARA.”

Saya yang menjalankan amanah,
Azrain
Pasukan RON95

#BUDI95 #NationalTransformation #PublicPolicy #PolicyToExecution #OperationalExcellence #SystemsThatWork",https://www.linkedin.com/posts/azrain-aziz_budi95-nationaltransformation-publicpolicy-activity-7414989215102320640--SOr,positive,2026-01-08 11:19:52.718000+00:00,129,0,4,0,0.9724309146404266,133,141.0,positive,0.9081030488014221,english,Mixed/Urban,happy,0.020726030692458153,0.04014571011066437,0.7639123201370239,0.015200535766780376,0.10702772438526154,0.023372186347842216
linkedin,post,7460689084508717056,"I read the news yesterday and felt instantly ""窮酸"" (like a total peasant).
 
You know that specific look an EV driver gives you while they're silently gliding past a petrol station?

This dog just explained it better than any economist ever could. 

That calm, judgmental side-eye stare saying:

""Bro, you're still counting your litres?""

The government is reportedly considering a new 150L monthly cap for the BUDI95 subsidy.

The timeline is starting to look like a countdown: 

🔹 First, it was 300L. 
🔹 Then it dropped to 200L. 
🔹 Now, we’re looking at 150L.

At this rate, some people may start driving less, taking public transport… or finally crossing over to EV.

The dog already saw this coming.

P.S. Are you feeling the ""wallet pain"" of the shrinking BUDI95 cap, or have you already defected to the EV side to avoid the side-eye?",https://www.linkedin.com/posts/yeewesley_i-read-the-news-yesterday-and-felt-instantly-activity-7460689084508717056-hXHK,neutral,2026-05-14 13:54:50.647000+00:00,43,0,31,0,0.5,74,136.0,neutral,0.5073930621147156,english,Mixed/Urban,sadness,0.052273087203502655,0.1595848798751831,0.13479427993297577,0.44836118817329407,0.07998844236135483,0.06945395469665527
linkedin,post,7459519660661649410,"Преодолён ещё один полумарафон — 21 месяц работы в genau.uz в роли Country CEO.
За это время нам удалось запустить бизнес с нуля, вывести компанию на прибыль уже на 3-й месяц, масштабировать команду до 25+ сотрудников, занять лидирующие позиции на Uzum Market и войти в TOP-20 магазинов по выручке. Также мы выстроили сотрудничество с Wildberries, Yandex Market, Alif Shop, Iman, Mediapark и Radius.
Спасибо всей команде Genau, партнёрам и каждому, кто был частью этого пути. Вместе мы построили сильный и амбициозный проект, которым я действительно горжусь, стали лидерами рынка и одним из драйверов развития сегмента спортивных тренажёров в Узбекистане.
Ухожу с благодарностью, уважением и уверенностью, что у компании впереди большое будущее.
Впереди — новый этап 🚀

Обо мне и о том, что я ищу:
💼 Я ищу работу на следующие должности: Коммерческий директор, Руководитель отдела продаж, Руководитель по развитию бизнеса и Business Development Officer.
🌎 Меня интересуют вакансии в следующих регионах: Shymkent и Tashkent.
⭐ Ранее я работал(а) в компаниях: Sello!, HUMANS.group и GENAU.",https://www.linkedin.com/posts/leonid-kim-06131b63_%D0%BF%D1%80%D0%B5%D0%BE%D0%B4%D0%BE%D0%BB%D1%91%D0%BD-%D0%B5%D1%89%D1%91-%D0%BE%D0%B4%D0%B8%D0%BD-%D0%BF%D0%BE%D0%BB%D1%83%D0%BC%D0%B0%D1%80%D0%B0%D1%84%D0%BE%D0%BD-21-%D0%BC%D0%B5%D1%81%D1%8F%D1%86-activity-7459519660661649410-FZqy,neutral,2026-05-11 08:27:58.275000+00:00,67,4,5,0,0.5,76,90.0,neutral,0.8362376689910889,english,Mixed/Urban,happy,0.031112700700759888,0.0613708570599556,0.44079628586769104,0.026490170508623123,0.15611296892166138,0.05295522138476372
linkedin,post,7442024199524605952,"Resilience Through the Seasons 

With the conclusion of the recent Aidilfitri celebration, the platform that runs BUDI95 has successfully navigated its first full cycle of all Malaysia’s major festivities 2025-2026. 

From Deepavali and the year-end Christmas peak to Chinese New Year and our busiest period during Hari Raya, the platform has remained a steadfast pillar of support for the program alongside our strategic partners. 

The platform serves as the digital backbone that ensures consistent value reaches the rakyat, maintaining stability across every peak. Our focus remains on ensuring the convenience they deserve without interruption.

To the Tech & Ops teams who worked through the holidays to keep things running smoothly, thank you. Your dedication to the mission is what makes this possible. You know who you are. 

Nadi Tech 
Mohd Herman Sarbini ChenWei Tan",https://www.linkedin.com/posts/iyad-mohd-zain-213832143_resilience-through-the-seasons-with-the-activity-7442024199524605952-sYdV,positive,2026-03-24 01:47:15.290000+00:00,65,1,1,0,0.9652900338172912,67,70.0,positive,0.8843001127243042,english,Mixed/Urban,happy,0.04536117613315582,0.06020418554544449,0.5618410706520081,0.02622782066464424,0.1436740756034851,0.031885091215372086
linkedin,post,7459157808882606082,"ما من قلب *""يسامح""* إلا عاش ""مرتاحا"".. 
وما من نفس *""ترضى بالقدر""* إلا باتت ""سعيدة""..
وما من روح تردد *""الحمد لله""* إلا كانت ""مبتسمة""..
وما من لسان بات *"" يستغفر الله""* في كل حين إلا ""فتحت له الدنيا بما فيها""
   رزقني الله وإياكم تلك الخصال

 إذا تولاك الله !! سخر لك كل شيء 
ولو كان في نظرك مستحيلاً 
( يا جبال أوِّبي معه والطير وألنَّا له الحديد ) ..
اللهم اجعلنا ممن توليتهم برحمتك 
.. وممن رضيت عنهم وأكرمتهم بكرمك يارحيم ياكريم ..
#raniaelkhayattips
#رحلة_وعي
#lifecoach
#happiness
#صانعة_السعادة
#Breakthrough
#optimism",https://www.linkedin.com/posts/rania-elkhayat-91309783_raniaelkhayattips-aezaevaesaerabraewaehaey-activity-7459157808882606082-vWw_,neutral,2026-05-10 08:30:06.088000+00:00,57,0,1,0,0.5,58,60.0,neutral,0.7445658445358276,english,Mixed/Urban,happy,0.043551333248615265,0.15041975677013397,0.603044331073761,0.02700703777372837,0.123532235622406,0.0219363272190094
linkedin,post,7409067499058597890,"Wins like these are never achieved alone.

As I reflect on the milestones we’ve reached this year — from the successful nationwide deployment of BUDI95 to welcoming a new oil company as a customer — I want to take a moment to recognise the partnership behind the scenes.

A special thank you to Isaac Lim , our regional Finance Director, for the unwavering support, sound judgment, and steady leadership throughout the journey. From navigating complex commercial structures to enabling the business to move fast while staying disciplined, your role was critical in turning ambition into execution.

Strong finance partnership isn’t just about numbers — it’s about trust, alignment, and enabling the organisation to deliver with confidence. This year proved exactly that.

Grateful to work alongside leaders who challenge, support, and elevate the team.

Onwards, together.

#Leadership #Partnership #Teamwork #Grateful #Execution #BUDI95",https://www.linkedin.com/posts/danieldlwl_leadership-partnership-teamwork-activity-7409067499058597890-N1uu,positive,2025-12-23 03:09:05.593000+00:00,47,0,0,0,0.9828376352787017,47,47.0,positive,0.9427921175956726,english,Mixed/Urban,happy,0.02646295353770256,0.05812661349773407,0.7729142308235168,0.014147489331662655,0.06826189160346985,0.021942272782325745
linkedin,post,7459791967221116928,"✨ حدیثِ مبارکہ ✨

رسول اللہ ﷺ نے فرمایا:
“اللہ تعالیٰ اس کام کو پسند کرتا ہے جو مستقل مزاجی اور محنت سے کیا جائے۔”

یہ حدیث ہمیں سکھاتی ہے کہ کامیابی صرف بڑے کاموں سے نہیں بلکہ مسلسل محنت، اخلاص اور ثابت قدمی سے حاصل ہوتی ہے۔ 💙
اپنے ہر کام میں نیت کو خالص رکھیں، محنت جاری رکھیں اور اللہ تعالیٰ پر بھروسہ رکھیں۔ 🌸

📌 روزانہ تھوڑی سی کوشش بھی انسان کو کامیابی کے قریب لے جاتی ہے۔
📌 مستقل مزاجی ہی کامیاب لوگوں کی پہچان ہے۔
📌 اسلامی تعلیمات ہمیں صبر، محنت اور اچھے اخلاق کا درس دیتی ہیں۔

#Hadith #IslamicPost #UrduHadith #IslamicQuotes #HadithOfTheDay #Motivation #Success #Consistency #HardWork #IslamicReminder #UrduQuotes #Deen #Muslim #Islam #DailyHadith #InspirationalQuotes #IslamicDesign #ViralPost #ExplorePage #Trending #ElevateXCrew #SocialMediaPost #MotivationalPost #IslamicContent",https://www.linkedin.com/posts/zainab-liaqat_hadith-islamicpost-urduhadith-activity-7459791967221116928-t-NS,neutral,2026-05-12 02:30:01.218000+00:00,24,0,2,0,0.5,26,30.0,neutral,0.7661315202713013,english,Mixed/Urban,love,0.03402053937315941,0.028061091899871826,0.16332772374153137,0.030183767899870872,0.6564978361129761,0.022550472989678383
linkedin,post,7459593486317789184,"Преди 9 години отворихме за първи път вратата към нещо, което не съществуваше в България.
Онлайн платформа, посветена изцяло на местата за събития. Само на местата за събития. Нищо повече, нищо по-малко.
Днес, 9 години по-късно, тази идея е реалност, която е помогнала на хиляди организатори да намерят правилното място за своя тиймбилдинг, конференция, сватба или фирмено парти.
9 години. Ето какво означава това за нас:
🤝 Стотици партньорски локации в цяла България хотели, зали, открити пространства, нестандартни места 📍 Единствената национална платформа, посветена изцяло на събитийните локации 📖 Създаването на Events Guide Bulgaria специализирано издание за събитиен туризъм, родено в най-трудните за сектора години 🎓 Сътрудничество с академични среди и бизнес организации защото вярваме, че платформата трябва да е мост, не просто директория 🔧 Непрекъснато надграждане - нови функционалности, нов обхват, нови начини да помагаме
9 години не e просто число, а устойчивата мисия организирането на събития да може да бъде по-лесно, по-бързо и по-добро.
На всички партньори, последователи и приятели на EventPlus.bg благодарим. 
Вие сте причината тази платформа да продължава да расте. 🙌
👉 www.eventplus.bg 

#EventPlusBG #9години #МестаЗаСъбития #eventinspiration #EventPlanningBulgaria",https://www.linkedin.com/posts/eventplus%2Ebg_eventplusbg-9aujauuaukauoautauo-ausaulauxauyaugaunaugauxavgauhauoauyauoavl-activity-7459593486317789184-V_Hc,neutral,2026-05-11 13:21:19.683000+00:00,16,1,2,0,0.5,19,24.0,neutral,0.7786657214164734,english,Mixed/Urban,happy,0.029014959931373596,0.1458366960287094,0.5544717907905579,0.02486596256494522,0.08105721324682236,0.09129344671964645
linkedin,post,7459145092331712512,"Το δώρο μου φέτος το διόρθωσε πρώτα η φιλόλογος 📝

Έφτασε έναν μήνα νωρίτερα και απροειδοποίητα. ✨

Προτού η καθηγήτρια το βαθμολογήσει, αλλά αφού η μαθήτρια το είχε αξιολογήσει τόσο, ώστε να κρατήσει και αντίγραφο.

Κι εγώ; Στάθηκα με δέος μπροστά στη δύναμη των λέξεών της. 🙏

Η μητρότητα, όπως και κάθε ρόλος φροντιστή - είτε είσαι γονέας και κηδεμόνας, είτε ηγέτης και μάνατζερ - κρύβει την ίδια θεμελιώδη ευθύνη: την ανάδειξη του μέλλοντος που κρατάμε στα χέρια μας.

Με αυτή τη σκέψη, μοιράζομαι μαζί σας ένα μικρό απόσπασμα από το πρότυπο που συχνά και αθόρυβα θέτουν τα έφηβα παιδιά μας:

«Η αγάπη δεν έχει πρόσωπο αλλά έχει χέρια και καρδιά και αγκαλιάζει τους ανθρώπους για τους οποίους νοιάζεσαι περισσότερο. ❤️
Και αγαπά με μια καρδιά πιο μαλακή από βαμβάκι, πιο εύθραυστη από πορσελάνη και πιο δυνατή από ατσάλι. ⛓️

Αγάπη δεν είναι μόνο μια ακριβή τσάντα ή ένα επώνυμο ρούχο. Αγάπη μπορεί να είναι ένα πήλινο άγαλμα, μια κάρτα με ευχές. 
Και πάντα αγάπη θα είναι μια αγκαλιά κι ένα φιλί από τα άτομα τα οποία σε αγαπούν και τα αγαπάς κι εσύ!» 🫂 

Χρόνια πολλά σε κάθε «φροντιστή» που μαθαίνει να διαβάζει ξανά τον κόσμο μέσα από τις λέξεις της επόμενης γενιάς! 🌱 

#FutureLeadership #Caregiving #MothersDay 

Υ.Γ. Η ανάρτηση του πρωτοτύπου γίνεται κατόπιν κατοχύρωσης των πνευματικών δικαιωμάτων από τη δημιουργό! 😉

📷 ID 4593198 © Ints Vikmanis | Dreamstime",https://www.linkedin.com/posts/alexandra-nasopoulou_futureleadership-caregiving-mothersday-activity-7459145092331712512-rS91,neutral,2026-05-10 07:39:34.226000+00:00,18,0,2,0,0.5,20,24.0,neutral,0.7726098299026489,english,Mixed/Urban,love,0.08200772106647491,0.0552227608859539,0.042366012930870056,0.10054920613765717,0.6373164653778076,0.03660270944237709
linkedin,post,7462038024944783360,"На червневому MUDRA Book Club говоритимемо про книгу “Careless People”  -  дуже особисту й незручну історію про владу, амбіцію, компроміси та внутрішню ціну “бути всередині системи”.

Це не просто книжка про закулісся корпорації META ( Facebook, Instagram, Whatsapp).

Це розмова про:
* як змінюються люди поруч із владою;
* де проходить межа між лояльністю і мовчанням;
* чому розумні люди погоджуються на речі, які колись здавались неможливими;
* як працює вплив за закритими дверима;
* і що відбувається, коли одна людина вирішує більше не мовчати.

Але найголовніше, наш книжковий клуб – це простір для дорослих, чесних і складних розмов з місцем для різних думок, сумнівів і незручних питань.

Тут можна думати вголос.

Не погоджуватись.

Змінювати свою точку зору.

І зустрічати людей, з якими хочеться продовжувати знайомства поза клубом.

📚 Не обов’язково дочитати книгу до кінця.
Важливіше -  принести свою цікавість і готовність до розмови.

Moderated by Liliia Malysh PCC, CPCC.

Powered by MUDRA core team: Viktoriia S. | Anna Fedusiv, CPCC, ACC | Yuliia Nesterenko | Veronika Skorobogatko.

Квитки в першому коментарі під дописом.",https://www.linkedin.com/posts/mudra-nl_mudra-book-clubjune-activity-7462038024944783360-5fdl,neutral,2026-05-18 07:15:03.109000+00:00,9,0,3,0,0.5,12,18.0,neutral,0.8491061925888062,english,Mixed/Urban,anger,0.34655123949050903,0.20895609259605408,0.08694329112768173,0.08002088218927383,0.11914761364459991,0.022608492523431778
linkedin,post,7459540205352411136,"💭 ہم قرآن پڑھتے ہیں… لیکن کیا قرآن ہمیں پڑھ رہا ہے؟

ہم روز قرآن کی تلاوت کرتے ہیں…
لیکن کبھی یہ سوچا
کہ ہر آیت ہم سے بھی سوال کر رہی ہوتی ہے؟

📖 اللہ تعالیٰ فرماتے ہیں:
إِنَّ فِي ذَٰلِكَ لَذِكْرَىٰ لِمَن كَانَ لَهُ قَلْبٌ أَوْ أَلْقَى السَّمْعَ وَهُوَ شَهِيدٌ
(سورۃ ق: 37)
ترجمہ:
بے شک اس میں نصیحت ہے
اس شخص کے لیے جس کے پاس دل ہو
یا جو توجہ سے سنے۔

💭 ذرا غور کریں…
قرآن صرف پڑھنے کے لیے نہیں…
یہ ہمیں جگانے کے لیے آیا ہے۔
✦ جب جنت کا ذکر آئے…
تو کیا دل میں شوق پیدا ہوتا ہے؟
✦ جب جہنم کا ذکر آئے…
تو کیا دل کانپتا ہے؟
✦ جب صبر والوں کی بات ہو…
تو کیا ہم خود کو دیکھتے ہیں؟

🌿 حقیقت:
✦ قرآن صرف الفاظ نہیں…
یہ اللہ کا پیغام ہے۔
✦ اور ہر آیت
ہماری زندگی بدلنے کی طاقت رکھتی ہے۔

🤲 آج کا عمل:
✔ قرآن کی چند آیات ترجمہ کے ساتھ پڑھیں
✔ ایک آیت منتخب کریں
✔ خود سے پوچھیں:
یہ آیت مجھے کیا سکھا رہی ہے؟

🌙 یاد رکھیں:
قرآن کی اصل خوبصورتی
صرف تلاوت میں نہیں…
بلکہ اس پر غور اور عمل میں ہے۔

👉 If this reminder touched your heart, share it with others.

— E-Learn Quran Academy

#Quran 
#IslamicReminder 
#SelfReflection 
#ELearnQuranAcademy",https://www.linkedin.com/posts/elearnquraanacademy_quran-islamicreminder-selfreflection-activity-7459540205352411136-zRRg,neutral,2026-05-11 09:49:36.511000+00:00,6,1,3,0,0.5,10,17.0,neutral,0.7433669567108154,english,Mixed/Urban,love,0.056060947477817535,0.08900590986013412,0.07182107865810394,0.07183863967657089,0.5131033658981323,0.10699623823165894
linkedin,post,7436656788910825473,"The BUDI95 Stress Test: What Happens When Brent Crude Hits $110/bbl?

If you’ve been watching the markets, you know that Brent crude sitting at around $110/bbl combined with a weakening MYR is creating a perfect storm for our subsidy framework.

Let's break down the math on what I call ""The Post-Shock Reality"" for the BUDI95 program:

📊 The Numbers:
Estimated APM Price: ~RM3.60 per litre
Current BUDI95 Capped Price: RM1.99 per litre
The Government Subsidy Burden: A massive RM1.61 per litre gap.

The Verdict: Highly Strained. 

Multiplying this RM1.61 shortfall across millions of 300-litre monthly quotas will instantly overwhelm the Treasury’s allocated budget. It is fiscally unsustainable to maintain this spread.

What’s Next? To defend the fiscal budget, it is highly probable that the government will be forced to revise the BUDI95 ceiling upward—potentially floating it into the RM2.20–RM2.40 range to close that gap.

For the everyday consumer, this means we need to start pricing in higher fuel costs and adjusting our personal budgets accordingly. 
How do you think the market will react if the ceiling is lifted next quarter? Let me know your thoughts below. 👇

#Economics #Malaysia #BUDI95 #PersonalFinance #MarketAnalysis #BrentCrude",https://www.linkedin.com/posts/yeokhaikeat_economics-malaysia-budi95-activity-7436656788910825473-kcV-,neutral,2026-03-09 06:19:04.878000+00:00,13,0,0,0,0.5,13,13.0,neutral,0.7875692248344421,english,Mixed/Urban,anger,0.31702977418899536,0.2750712037086487,0.07424698024988174,0.21119174361228943,0.03081209771335125,0.03168919309973717
linkedin,post,7459214669870899201,"✨ کبھی کبھی اللہ ہمیں ایک “چھوٹی سی نشانی” دکھا کر ایمان تازہ کر دیتا ہے…

سوچیں…
جو رب ایک ننھی سی مکھی کو بھی اہمیت دیتا ہے،
وہ آپ کی دعاؤں، آنسوؤں اور دل کی کیفیت سے کیسے بے خبر ہو سکتا ہے؟ 

قرآن ہمیں بار بار یہ سکھاتا ہے کہ
اللہ کی ہر تخلیق میں ایک پیغام ہے،
بس دیکھنے والی آنکھ اور سمجھنے والا دل چاہیے 🌿

ہم اکثر بڑی چیزوں میں معجزے ڈھونڈتے ہیں،
حالانکہ اللہ اپنی قدرت کی نشانیاں چھوٹی چھوٹی چیزوں میں بھی دکھا دیتا ہے…

اگر آج دل پریشان ہے تو یہ یاد رکھیں:
جس رب نے ایک مکھی کا ذکر قرآن میں کیا،
وہ آپ کو کبھی نہیں بھولے گا ✨

💬 کمنٹ میں لکھیں: “الحمدللہ”
❤️ اگر آپ کا ایمان تازہ ہوا تو لائک کریں
📩 کسی اپنے کو ضرور شیئر کریں

#Quran #IslamicReminder #Allah #Islam #UrduQuotes #HeartTouching #Reminder #Muslim #Deen #Sabr #IslamicPost #ExplorePage #قرآن #اسلام #اللہ #ایمان #اسلامی_باتیں #سورہ_حج #دل_کی_بات",https://www.linkedin.com/posts/iuba-real-estate_quran-islamicreminder-allah-activity-7459214669870899201-uXc6,neutral,2026-05-10 12:16:02.804000+00:00,9,0,1,0,0.5,10,12.0,neutral,0.7671016454696655,english,Mixed/Urban,sadness,0.22007949650287628,0.23915442824363708,0.01579602062702179,0.44717249274253845,0.03614234924316406,0.023400038480758667
linkedin,post,7460012605336784896,"کیا تمہارا کوئی ایسا ہمسفر دوست ہے جس کے بارے میں تم یہ خواہش رکھتے ہو کہ اگر اللہ تعالیٰ نے جنت عطا فرمائی تو تم اسے رسول اللہ ﷺ کے سامنے پیش کرو گے؟

تم کہو گے: “یا رسول اللہ ﷺ، یہ وہ کندھا ہے جس پر میں نے سہارا لیا، یہ وہ شخص ہے جس نے مجھے سنبھالا، مجھے مضبوط کیا، اور مجھے نور کے راستوں اور جنت کے کناروں تک لے گیا۔ یہ وہی ہے جس نے مجھے قرآن کی طرف متوجہ کیا، اور مجھے آپ ﷺ کے نقشِ قدم یاد دلائے، یہاں تک کہ میں ڈگمگایا نہیں۔”

اللہ تعالیٰ نے فرمایا: ﴿الْأَخِلَّاءُ يَوْمَئِذٍ بَعْضُهُمْ لِبَعْضٍ عَدُوٌّ إِلَّا الْمُتَّقِينَ﴾

یعنی اُس دن تمام دوست ایک دوسرے کے دشمن ہوں گے، سوائے متقی لوگوں کے۔

#islamic #islamicpost #islam #Quran #iquranicaccadmy #quranquotes #muslim #allah #QuranLearning #viralpost",https://www.linkedin.com/posts/i-quranic-academy-8592571a4_islamic-islamicpost-islam-activity-7460012605336784896-SUOo,neutral,2026-05-12 17:06:45.444000+00:00,2,0,2,0,0.5,4,8.0,neutral,0.7285972237586975,english,Mixed/Urban,love,0.0815681666135788,0.01703580468893051,0.05442196875810623,0.024446837604045868,0.7593782544136047,0.010481477715075016
linkedin,post,7392340946203406337,“Is BUDI95 truly fair and effective?,https://www.linkedin.com/posts/ching-hwuang-tay-6092527_budi95-activity-7392340946203406337-9MrB,neutral,2025-11-06 23:23:44.628000+00:00,8,0,0,0,0.5,8,8.0,neutral,0.5574575662612915,english,Mixed/Urban,happy,0.03310094773769379,0.050697654485702515,0.6097955703735352,0.017933864146471024,0.19549164175987244,0.04709181934595108
linkedin,post,7459949045294403584,"Government relations is rarely straightforward. Even local companies can misstep when engaging officials in their own country. This was evident when a Malaysian bank invited a Deputy Minister (Minister of State equivalent - not in the Cabinet) to speak at one of its events, only for his remarks on a major government policy to be perhaps inaccurately interpreted, and reported as an official government position  (see news report below). The Deputy Minister is from the Democratic Action Party (DAP), a party representing ethnic Chinese in the coalition government. DAP’s role is largely focused on community-specific issues like Chinese language education, rather than shaping major national policy decisions. A clearer understanding of the government’s internal political dynamics and division of responsibilities could have prevented both the misstep and the inaccurate reporting. https://lnkd.in/gaty4aQn",https://www.linkedin.com/posts/adib-zalkapli_budi95-a-key-tool-in-managing-fuel-demand-activity-7459949045294403584-oyqm,neutral,2026-05-12 12:54:11.549000+00:00,4,1,0,0,0.5,5,6.0,neutral,0.521308422088623,english,Mixed/Urban,anger,0.38137292861938477,0.3567127585411072,0.08144666999578476,0.051102980971336365,0.034821487963199615,0.03173275664448738
linkedin,post,7459555088626475008,"🔍 Коли великі компанії починають відкрито говорити про Lean - це означає, що операційна ефективність стає частиною стратегічного розвитку бізнесу.

В інтерв’ю для Forbes Ukraine CEO INTERTOP Сергій Бадрітдінов розповів про те, як компанія переглядає підхід до розвитку в умовах скорочення попиту та тиску сірого імпорту.

Серед напрямів, які сьогодні впроваджує компанія – Lean-підходи для роботи з процесами, витратами та операційною ефективністю.

🤝 Для Lean Institute Ukraine цінно супроводжувати команду INTERTOP у цій трансформації та працювати разом над розвитком системного підходу до процесів і управління.

Саме в таких проєктах добре видно, як Lean впливає на бізнес:
📌 допомагає швидше бачити втрати
📌 підсилює керованість процесів
📌 дає основу для рішень у період змін

Lean стає частиною щоденної роботи компанії - від операційних процесів до управлінських рішень.

Дякуємо команді INTERTOP за довіру і відкритість до системної роботи зі змінами!

Якщо вам також близький системний підхід до розвитку компанії - будемо раді допомогти впровадити Lean у вашій команді. #leaninstituteukraine #lean #leanкейс #стратегія #оптимізація",https://www.linkedin.com/posts/lean-institute-ukrainelgn_leaninstituteukraine-lean-leanauqaulaupaux-activity-7459555088626475008-FdVS,neutral,2026-05-11 10:48:44.960000+00:00,6,0,0,0,0.5,6,6.0,neutral,0.829505205154419,english,Mixed/Urban,happy,0.04705102741718292,0.05127464607357979,0.41173115372657776,0.03661738336086273,0.2917766571044922,0.04715674743056297
linkedin,post,7455189726669705216,Monthly quota for Budi95 stays at 200 litres for now.,https://www.linkedin.com/posts/building-materials-distributors-association-of-malaysia_monthly-quota-for-budi95-stays-at-200-litres-activity-7455189726669705216-iRqm,neutral,2026-04-29 09:42:21.565000+00:00,3,0,1,0,0.5,4,6.0,neutral,0.9513004422187805,english,Mixed/Urban,no_clear_emotion,0.014514511451125145,0.016393166035413742,0.05825001746416092,0.010003495961427689,0.048341602087020874,0.02826770581305027
linkedin,post,7460158162340392960,"आप खुद के सबसे अच्छे दोस्त हैं? 🤝 सोचिए....

अक्सर हम रिश्तों को बाहर ठीक करने की कोशिश करते हैं, लेकिन असल शुरुआत ""स्वयं"" से होती है। अगर आपका अपने साथ रिश्ता मजबूत नहीं है, तो दूसरों के साथ तालमेल बिठाना मुश्किल होगा।

इसमें सहज हिंदी में हमारे संस्थापक और अंतर्राष्ट्रीय संबंध मनोवैज्ञानिक कोटा आर जे पवन ने,  
5 आसान प्रैक्टिकल तरीके साझा किए  हैं जिससे आप खुद से बेहतर जुड़ सकते हैं:
 वह समय है जब आप अपनी 'इमोशनल हेल्थ' को प्राथमिकता दें।
👇 पूरा लेख यहाँ पढ़ें:
लिंक https://lnkd.in/ejNQq2rk

#MentalHealth #SelfLove #Relationships #KotaRJPawan #Truelove18club #EmotionalWellness #Psychology #HindiPost #India2026",https://www.linkedin.com/posts/truelove18club_mentalhealth-selflove-relationships-activity-7460158162340392960-LKH2,neutral,2026-05-13 02:45:08.938000+00:00,2,1,0,0,0.5,3,4.0,neutral,0.8105704188346863,english,Mixed/Urban,happy,0.10570603609085083,0.27404287457466125,0.29494354128837585,0.041427019983530045,0.24183876812458038,0.019488316029310226
linkedin,post,7459581614839287808,"السلام علیکم!
 میں ایک پروفیشنل آنلائن قرآن ٹیچر ہوں اور دنیا بھر میں بچوں اور بڑوں کو پڑھانے کا برسوں کا تجربہ رکھتا ہوں۔  میرا مشن ہر مسلمان کو سب سے خوبصورت انداز میں قرآن پاک سے جوڑنے میں مدد کرنا ہے۔

 ✨ میری خدمات میں شامل ہیں:
 ✅ قرآن مجید کی تلاوت تجوید کے ساتھ
 ✅ حفظ قرآن (حفظ)
 ✅ مکمل نماز اور نماز کی رہنمائی
 ✅ چھ کلمے اور ضروری دعائیں
 ✅ تمام عمر کے لیے اسلامی تعلیمات
 ✅ بچوں اور مبتدیوں کے لیے خصوصی کلاسز

 🌍 آن لائن کلاسز کسی بھی وقت، کہیں بھی دستیاب ہیں۔
 🎧 بہتر سیکھنے کے لیے ون آن ون سیشن۔
 📅 آپ کی سہولت کے مطابق لچکدار اوقات۔
 📚 آسان سمجھنے کے لیے مرحلہ وار طریقہ۔

 💡 آج ہی قرآن سیکھنے کی طرف اپنا سفر شروع کریں - انشاء اللہ آپ کو فرق نظر آئے گا!
 میرا وٹس ایپ نمبر
+923338938470
#OnlineQuran
#QuranLearning
#IslamicEducation
#LearnQuranOnline
#QuranForAll",https://www.linkedin.com/posts/qari-muhammad-abubakar-2a34a932a_onlinequran-quranlearning-islamiceducation-activity-7459581614839287808-dNKs,neutral,2026-05-11 12:34:09.302000+00:00,1,0,1,0,0.5,2,4.0,neutral,0.734627902507782,english,Mixed/Urban,love,0.03497231379151344,0.058409105986356735,0.2610931992530823,0.03987888619303703,0.4862048625946045,0.042865924537181854
linkedin,post,7459608683417763841,"Благодарим за удоволствието и вдъхновението, което носите Вие, невероятните хора на METRO Bulgaria ! 
Daniela Mihaleva 

#inclusiveleadership #companyculture #MetroBuditeli #growthmindset #diversity",https://www.linkedin.com/posts/helical-dynamix-company_auvauwauoauuauhavfaugauiaugavfauu-aurauoaukaulauwauxauyauiauu-activity-7459608683417763841-3nD0,neutral,2026-05-11 14:21:42.954000+00:00,1,0,1,0,0.5,2,4.0,neutral,0.7446481585502625,english,Mixed/Urban,happy,0.021596122533082962,0.04884876683354378,0.6135035753250122,0.013886895962059498,0.153054878115654,0.06596796959638596
linkedin,post,7458981334200311808,"📣 Актуальні вакансії для керівників та топ-менеджерів від GRC.UA
Добірка актуальних управлінських позицій для досвідчених фахівців👇

💼Пузата Хата — найбільша мережа колоритних ресторанів національної кухні у Києві та у великих містах України.
🔹Керівник АГВ (адміністративно-господарський відділ / склад ТМЦ) - м.Київ
🔹Завідувач складом (виробництво HoReCa) - м.Київ
🔹Завгосп / Керівник служби прибирання (виробництво) - м.Київ
🔹Головний енергетик (виробництво, експлуатація) - м.Київ
Усі вакансії компанії: https://lnkd.in/dCzR2GyQ

💼АТ «БАНК ІНВЕСТИЦІЙ та ЗАОЩАДЖЕНЬ» — надійний банк, який 18 років працює на українському фінансовому ринку та прагне надавати високоякісні банківські послуги як приватним, так і корпоративним клієнтам. 
🔹Начальник відділення банку - м.Полтава
🔹Керівник напряму з аналізу ринкових ризиків - м.Київ
🔹Керівник напрямку з протидії платіжному шахрайству (інформаційна безпека) - м.Київ
🔹Керівник з розвитку клієнтської бази та продажів продуктів у мобільному додатку - м.Київ
🔹Керівник відділу кадрового адміністрування - м.Київ
🔹Керівник аналітики продажів роздрібного бізнесу - м.Київ
Усі вакансії компанії: https://lnkd.in/eYhU8tTP

💼Корпорація «АТБ» — лідер українського ринку роздрібної торгівлі за товарообігом, кількістю магазинів і податковими виплатами.
Начальник фінансово-економічного відділу - м.Дніпро
Усі вакансії компанії: https://lnkd.in/dYjjtwbg

💼Корпорація «Біосфера» — один з найбільших у Східній Європі та Центральній Азії виробників і дистриб’юторів товарів для дому, гігієни та професійного використання (ТМ «Фрекен БОК», «Smile», «Selpak», «Vortex», «Novita», «PRO service», «GRAFF» та багато інших).
🔹Керівник (HoReCa), національний менеджер - м.Київ
🔹Начальник цеху - м.Дніпро
Усі вакансії компанії: https://lnkd.in/djyZ3C63

💼Страхова компанія ARX — лідер страхового ринку України і представник канадської міжнародної страхової групи Fairfax Financial Holdings. № 1 на ринку КАСКО 17 років поспіль.
🔹Начальник відділу супроводу банківських продажів - м.Київ
🔹Керівник з розвитку агентської мережі - м.Львів/Рівне/Черкаси/Луцьк
Усі вакансії компанії: https://lnkd.in/dgWXdrnw

Наразі на сайті більше 3550 вакансій від надійних роботодавців.
📝 Створіть або оновіть своє резюме, щоб не пропустити нові можливості:
https://lnkd.in/eZ2gScpH",https://www.linkedin.com/feed/update/urn:li:groupPost:14047525-7458981332896002048,neutral,2026-05-09 20:48:51.245000+00:00,1,0,1,0,0.5,2,4.0,neutral,0.832040548324585,english,Mixed/Urban,no_clear_emotion,0.19799664616584778,0.04613881558179855,0.17260044813156128,0.038471948355436325,0.19543364644050598,0.04450365900993347
linkedin,post,7459467833580822528,"💯ЕТО КАК СЕ ОГРАНИЧАВА СТРОИТЕЛСТВОТО ..⁉️
🤩ЦЕЛИЯТ ЕПИЗОД В ПЪРВИЯ КОМЕНТАР...👇🤛
.
.
.
.
.
.
.
.
#varna #bulgaria #broker #foryou #apartament #brokerlife #reel #reelvideo #podcast #варна #българия #брокер #продажби #ремонти #апартамент",https://www.linkedin.com/posts/svetoslav-hristov-5782b5200_varna-bulgaria-broker-activity-7459467833580822528-fp1N,neutral,2026-05-11 05:02:01.736000+00:00,0,0,1,0,0.5,1,3.0,neutral,0.7587725520133972,english,Mixed/Urban,love,0.11800039559602737,0.05737285688519478,0.11444342881441116,0.07258754223585129,0.38963526487350464,0.055824995040893555
linkedin,post,7459209207263883264,"🎬Утре прожектираме филма ни за годишнината на ПГИТ „Д-р Иван Богоров“ – Варна
✅️35 години от основаването си празнува Професионалната гимназия по икономика и технологии „Доктор Иван Богоров“ във Варна. Поводът ще бъде отбелязан с тържествено честване и прожекция на филм на ✅️11 май от 18:00 ч. в зала „Аула“ на University of Economics - Varna 
📌Продукцията събира историите на успешно реализираните възпитаници на гимназията, най-големите постижения на учениците и отправя поглед към 90-те години, в които е основано училището. 
✅️Началото на учебното заведение е поставено с решение на Изпълнителния комитет на Областен народен съвет – Варна за отделяне от Десето ЕСПУ „Антон Страшимиров“. През септември 1991 г. е първата учебна година с непрофилирано обучение от IХ до XII клас. На 24.05.1992 г. гимназията приема името на видния български възрожденец д-р Иван Богоров. Със заповед на министъра на образованието, науката и технологиите от 1996 г. Десета гимназия е преобразувана в Професионална гимназия по икономика „Д-р Иван Богоров“, а от 2025 г. добавя и „технологии“ към името си. Настоящ директор на учебното заведение е Деан Василев.
🎬Режисьор на филма е журналистът и автор на документални продукции Магдалена Тодорова /Malapert Video Production /оператор е Лазар Еленков, монтажът е на Добромир Дянков. Екипът от Варна е носител на множество отличия за документалистика. Последната им продукция „Богатствата на Ардино“ е с приз за върхови постижения в категория „Кино“ от Международния фестивал на изкуствата „Музите“, 2025. Носители са на две първи награди „Златна роза“ от Министерството на туризма за филмите „Поморие – черното и бяло злато на България“ и поредицата в 7 епизода „Стражите на Черно море“, продуцирани от MuVi-tv.

📽Филмът „35 години ПГИТ „Д-р Иван Богоров“ – Варна“ е с участието на: Александър Георгиев, Томислав Димитров, Кристин Маджурова, Мирела Кирякова, Светослав Стоянов, Аптраил Халил, Ивелина Вълкова, Светослав Маринов, Валентина Касърова, Анита Димитрова, Христина Панайотова, Христина Триндафкова, Георги Венов, Явор Георгиев, Корнелия Иванова, Маргарита Драгиева, Дора Илиева, Янка Бакалова, Деан Василев и др. Специални персонажи в продукцията са Борис Петров и Виктория Петрова.",https://www.linkedin.com/posts/todorovamagdalena_%D1%83%D1%82%D1%80%D0%B5-%D0%BF%D1%80%D0%BE%D0%B6%D0%B5%D0%BA%D1%82%D0%B8%D1%80%D0%B0%D0%BC%D0%B5-%D1%84%D0%B8%D0%BB%D0%BC%D0%B0-%D0%BD%D0%B8-%D0%B7%D0%B0-%D0%B3%D0%BE%D0%B4%D0%B8%D1%88%D0%BD%D0%B8%D0%BD%D0%B0%D1%82%D0%B0-activity-7459209207263883264-UPDn,neutral,2026-05-10 11:54:20.417000+00:00,2,0,0,0,0.5,2,2.0,neutral,0.826487123966217,english,Mixed/Urban,no_clear_emotion,0.04235199838876724,0.06272081285715103,0.19419355690479279,0.04363817349076271,0.2664312422275543,0.09026344120502472
linkedin,post,7461952098822430720,A great lesson to learn regardless of faiths. Good honest work is always more difficult to do. But in the end it pays off.,https://www.linkedin.com/posts/bryan-morales-687212314_hadith-islamicpost-urduhadith-activity-7461952098822430720-viFD,positive,2026-05-18 01:33:36.725000+00:00,1,0,0,0,0.9721255719661712,1,1.0,positive,0.9070852398872375,english,Mixed/Urban,love,0.042145829647779465,0.037241388112306595,0.22016511857509613,0.032964471727609634,0.6183938384056091,0.019575292244553566
linkedin,post,7376834814009810945,"🇲🇾⛽️ BUDI95 — How to Check & How to Use
#budi95 #malaysia #madani #petrol #ron95 #Money #Save #MWMC #Wealth #Planner",https://www.linkedin.com/posts/mwmc-group_budi95-malaysia-madani-activity-7376834814009810945-j9Md,neutral,2025-09-25 04:27:54.623000+00:00,1,0,0,0,0.5,1,1.0,neutral,0.8566903471946716,english,Mixed/Urban,love,0.0833892822265625,0.04187624529004097,0.11533410102128983,0.04955444112420082,0.42239025235176086,0.04137301445007324
linkedin,post,7391323900128923649,"As Malaysians adjust to the new BUDI95 subsidy system (300L/month), it’s interesting to see how driving habits may affect household budgets.
Did you finish your quota before the end of October?

#LicensedFinancialPlanner #BUDI95 #FinancialAwareness #FuelBudget #Malaysia",https://www.linkedin.com/posts/carolleefp_licensedfinancialplanner-budi95-financialawareness-activity-7391323900128923649-Lkmp,neutral,2025-11-04 04:02:21.948000+00:00,1,0,0,0,0.5,1,1.0,neutral,0.874376118183136,english,Mixed/Urban,no_clear_emotion,0.04359792172908783,0.07656127959489822,0.2752048373222351,0.033515430986881256,0.10312455892562866,0.07501410692930222
linkedin,post,7459731920961093634,"إِنَّآ أَرۡسَلۡنَٰكَ شَٰهِدٗا وَمُبَشِّرٗا وَنَذِيرٗا - سورة الفتح - الشيخ ماهر المعيقلي
#المصحف #مسك_التلاوة #misk_altilawa #قرآن #quran #ماهرالمعيقلي #سورة_الفتح #surahalfath 

🔔  تابعوا منصاتنا عبر مواقع التواصل:
رابط القناة على التليجرام  
https://t.me/hadr_quran
رابط قناة اليوتيوب 
https://lnkd.in/eBFBKEzR
رابط الإنستجرام
https://lnkd.in/eyxkTS9U
رابط صفحة الفيسبوك
https://lnkd.in/eJxcYMpK
رابط تيك توك
https://lnkd.in/eSAQCAMa
رابط حساب الصداقة على الفيسبوك
https://lnkd.in/empUgD5i
X رابط حساب تويتر 
https://lnkd.in/e6M3WDPD
 رابط حساب Threads
https://lnkd.in/enZ95B33
رابط حساب اللينكيد إن
https://lnkd.in/eXa6Gqnc",https://www.linkedin.com/posts/misk-altilawa-i-%D9%85%D8%B3%D9%83-%D8%A7%D9%84%D8%AA%D9%84%D8%A7%D9%88%D8%A9-56734333b_aepaesaetaedaevaep-aetaebaerabraepaesaesaesaepaewaer-activity-7459731920961093634-qwVb,neutral,2026-05-11 22:31:25.074000+00:00,0,0,0,0,0.5,0,0.0,neutral,0.7797178030014038,english,Mixed/Urban,love,0.07369289547204971,0.03782311826944351,0.040415339171886444,0.04858977347612381,0.5734856724739075,0.05425959452986717
linkedin,post,7459237550839263232,"Това не е просто видео. Това е реклама, създадена да спре скрола и да включи вниманието на клиентите. Кратко, динамично и ефективно съдържание, което работи за бизнеса ти.

#реклама
#маркетинг
#видеореклама
#бизнес
#клиенти
#продажби
#онлайнбизнес
#дигиталенмаркетинг
#видеомаркетинг
#ai
#aireklama
#aiвидео
#contentcreator
#shorts
#viral
#marketing
#business
#ads
#videoads
#growyourbusiness",https://www.linkedin.com/posts/ai-ads-studio-06a762407_auwaulauqauraugausaug-ausaugauwauqaulauyauoautauj-activity-7459237550839263232-WvBZ,neutral,2026-05-10 13:46:58.052000+00:00,0,0,0,0,0.5,0,0.0,neutral,0.8007926940917969,english,Mixed/Urban,love,0.028332071378827095,0.04760555550456047,0.17329448461532593,0.026797611266374588,0.3401918113231659,0.09352497011423111
linkedin,post,7459721724364812288,"Това не е просто видео. Това е реклама, създадена да спре скрола и да включи вниманието на клиентите. Кратко, динамично и ефективно съдържание, което работи за бизнеса ти.

#реклама
#маркетинг
#видеореклама
#бизнес
#клиенти
#продажби
#онлайнбизнес
#дигиталенмаркетинг
#видеомаркетинг
#ai
#aireklama
#aiвидео
#contentcreator
#shorts
#viral
#marketing
#business
#ads
#videoads
#growyourbusiness",https://www.linkedin.com/posts/bul-sila-502b29406_auwaulauqauraugausaug-ausaugauwauqaulauyauoautauj-activity-7459721724364812288--zUu,neutral,2026-05-11 21:50:54.016000+00:00,0,0,0,0,0.5,0,0.0,neutral,0.8007926940917969,english,Mixed/Urban,love,0.028332071378827095,0.04760555550456047,0.17329448461532593,0.026797611266374588,0.3401918113231659,0.09352497011423111
linkedin,post,7459175717419986944,"🚀 فرصة جديدة على منصة مستقل

📌 العنوان: مصمم فيديوهات AI قصيرة للسوشيل ميديا

📋 التفاصيل: السلام عليكم، أبحث عن شخص محترف في تصميم وإنتاج فيديوهات AI لإنشاء 10 فيديوهات قصيرة تعريفية لمنتجات شركة ديكور ومواد تشطيب. تفاصيل العمل: عدد الفيديوهات: 10 مدة كل فيديو: من 15 إلى 20 ثانية أسلوب احترافي وحديث مناسب للسوشيل ميديا استخدام تقنيات AI في المونتاج أو التحريك إضافة نصوص وحركات جذابة المقاسات مناسبة لـ Instagram / TikTok / Snapchat المنتجات تشمل: أرضيات SPC باركيه بديل الخشب بديل الرخام ورق جدران مواد ديكور وتشطيب يفضل وجود أعمال سابقة...

🔗 قدّم الآن: https://lnkd.in/eSEkMsJt
---
للمزيد من الفرص، زور موقعنا الإلكتروني:
🔗 https://jobayti.live/

وإذا عملت حساب مجاني على Jobayti، هتظهر لك الوظائف حسب تخصصك ومهاراتك اللي اخترتها في صفحة الوظائف المخصصة.

#Jobayti #freelance #وظائف #وظيفة_اليوم",https://www.linkedin.com/posts/jobayti_jobayti-freelance-aewaegaepaeoaep-activity-7459175717419986944-RUK_,neutral,2026-05-10 09:41:15.816000+00:00,0,0,0,0,0.5,0,0.0,neutral,0.782507061958313,english,Mixed/Urban,no_clear_emotion,0.046223875135183334,0.07207539677619934,0.10944710671901703,0.04223893955349922,0.18111886084079742,0.1068064272403717
linkedin,post,7462019194767708160,"Почему хорошие проекты ломаются не на стройке, а на людях

За 20+ лет работы с проектами я пришёл к простой мысли:

Сложные объекты редко «ломаются» на инженерии.
Чаще на людях и управлении командами.

Можно создать хороший медицинский объект, но без сильной команды проект быстро начинает терять эффективность.
Поэтому в своей работе я всегда обращаю внимание не только на концепцию, инфраструктуру и процессы, но и на то, с кем именно я буду его реализовывать.

Если вам близка тема:
- развития управленческих команд
- корпоративной культуры
- оценки руководителей
- кадрового резерва
- управляемости бизнеса

Могу рекомендовать Олесю Коростелеву - HRD-эксперта и автора проекта «КОРПКУЛЬТУРА».

У Олеси сильный практический опыт работы с инжиниринговыми, строительными и производственными компаниями, особенно в части развития руководителей и команд.

Telegram: @corpkultura

А если ваша задача связана с созданием, развитием или оценкой медицинской инфраструктуры и senior living проектов, буду рад профессиональному диалогу",https://www.linkedin.com/posts/andkazarin_%D0%BF%D0%BE%D1%87%D0%B5%D0%BC%D1%83-%D1%85%D0%BE%D1%80%D0%BE%D1%88%D0%B8%D0%B5-%D0%BF%D1%80%D0%BE%D0%B5%D0%BA%D1%82%D1%8B-%D0%BB%D0%BE%D0%BC%D0%B0%D1%8E%D1%82%D1%81%D1%8F-%D0%BD%D0%B5-%D0%BD%D0%B0-%D1%81%D1%82%D1%80%D0%BE%D0%B9%D0%BA%D0%B5-activity-7462019194767708160-JQza,neutral,2026-05-18 06:00:13.645000+00:00,0,0,0,0,0.5,0,0.0,neutral,0.7965977787971497,english,Mixed/Urban,love,0.0630808100104332,0.040649205446243286,0.04291973635554314,0.1439209133386612,0.48507294058799744,0.05421243980526924
linkedin,comment,7462113904152870912,"99 Names of Allah (SWT) - Asma Ul Husna, Islamic cartoons. Kids Islamic Songs. Islamic Nasheed.
https://youtu.be/l2KUAhBYixs",https://www.linkedin.com/feed/update/urn:li:activity:7460012605336784896?commentUrn=urn%3Ali%3Acomment%3A%28activity%3A7460012605336784896%2C7462113904152870912%29&dashCommentUrn=urn%3Ali%3Afsd_comment%3A%287462113904152870912%2Curn%3Ali%3Aactivity%3A7460012605336784896%29,neutral,2026-05-18 12:16:34.123000+00:00,0,0,0,0,0.5,0,,neutral,0.9339850544929504,english,Mixed/Urban,love,0.05388348549604416,0.023532545194029808,0.07995566725730896,0.036949273198843,0.694954514503479,0.025102524086833
linkedin,comment,7460528791258329088,https://youtube.com/shorts/xzrttYXgVhQ?si=i_5NG0X-mJUmIunB,https://www.linkedin.com/feed/update/urn:li:activity:7460012605336784896?commentUrn=urn%3Ali%3Acomment%3A%28activity%3A7460012605336784896%2C7460528791258329088%29&dashCommentUrn=urn%3Ali%3Afsd_comment%3A%287460528791258329088%2Curn%3Ali%3Aactivity%3A7460012605336784896%29,neutral,2026-05-14 03:17:53.758000+00:00,0,0,0,0,0.5,0,,neutral,0.7991446852684021,english,Mixed/Urban,love,0.10155127942562103,0.07457928359508514,0.06090002506971359,0.059506889432668686,0.31525641679763794,0.09825463593006134
linkedin,comment,7462112922501070848,"99 Names of Allah (SWT) - Asma Ul Husna, Islamic cartoons. Kids Islamic Songs. Islamic Nasheed.
https://youtu.be/l2KUAhBYixs",https://www.linkedin.com/feed/update/urn:li:activity:7459540205352411136?commentUrn=urn%3Ali%3Acomment%3A%28activity%3A7459540205352411136%2C7462112922501070848%29&dashCommentUrn=urn%3Ali%3Afsd_comment%3A%287462112922501070848%2Curn%3Ali%3Aactivity%3A7459540205352411136%29,neutral,2026-05-18 12:12:40.079000+00:00,0,0,0,0,0.5,0,,neutral,0.9339850544929504,english,Mixed/Urban,love,0.05388348549604416,0.023532545194029808,0.07995566725730896,0.036949273198843,0.694954514503479,0.025102524086833
linkedin,comment,7460884629135323136,https://youtu.be/flJZlMnGvnQ?si=XWchZU-amK_h00sW,https://www.linkedin.com/feed/update/urn:li:activity:7459540205352411136?commentUrn=urn%3Ali%3Acomment%3A%28activity%3A7459540205352411136%2C7460884629135323136%29&dashCommentUrn=urn%3Ali%3Afsd_comment%3A%287460884629135323136%2Curn%3Ali%3Aactivity%3A7459540205352411136%29,neutral,2026-05-15 02:51:52.119000+00:00,0,0,0,0,0.5,0,,neutral,0.731844425201416,english,Mixed/Urban,love,0.09747352451086044,0.07521902769804001,0.052698004990816116,0.05827709659934044,0.3253406286239624,0.12412147969007492
linkedin,comment,7462078375361314817,"Liliia Malysh PCC, CPCC we are so thrilled to have you as a moderator, and what a book! 
For me, it is a bit like Gossip Girl for adult professional women  -  with power, influence, ambition, loyalty, ethics, proximity to decision-making… essentially the topics we navigate daily at work, but will have the space to discuss openly.",https://www.linkedin.com/feed/update/urn:li:ugcPost:7461875137089449984?commentUrn=urn%3Ali%3Acomment%3A%28ugcPost%3A7461875137089449984%2C7462078375361314817%29&dashCommentUrn=urn%3Ali%3Afsd_comment%3A%287462078375361314817%2Curn%3Ali%3AugcPost%3A7461875137089449984%29,positive,2026-05-18 09:55:23.399000+00:00,0,0,0,0,0.9928695619106291,0,,positive,0.9762318730354309,english,Mixed/Urban,happy,0.017843155190348625,0.03622705489397049,0.849669873714447,0.009639468044042587,0.055515509098768234,0.01577550172805786
linkedin,comment,7462040478868258816,Доєднуйтеся! Квитки вже в продажу: shorturl.at/9hpaP,https://www.linkedin.com/feed/update/urn:li:ugcPost:7461875137089449984?commentUrn=urn%3Ali%3Acomment%3A%28ugcPost%3A7461875137089449984%2C7462040478868258816%29&dashCommentUrn=urn%3Ali%3Afsd_comment%3A%287462040478868258816%2Curn%3Ali%3AugcPost%3A7461875137089449984%29,neutral,2026-05-18 07:24:48.171000+00:00,0,0,0,0,0.5,0,,neutral,0.856018602848053,english,Mixed/Urban,no_clear_emotion,0.04774480685591698,0.062331702560186386,0.08898402750492096,0.057485904544591904,0.22017036378383636,0.21613839268684387
linkedin,comment,7460529372106567680,https://youtube.com/shorts/xzrttYXgVhQ?si=i_5NG0X-mJUmIunB,https://www.linkedin.com/feed/update/urn:li:activity:7459791967221116928?commentUrn=urn%3Ali%3Acomment%3A%28activity%3A7459791967221116928%2C7460529372106567680%29&dashCommentUrn=urn%3Ali%3Afsd_comment%3A%287460529372106567680%2Curn%3Ali%3Aactivity%3A7459791967221116928%29,neutral,2026-05-14 03:20:12.244000+00:00,0,0,0,0,0.5,0,,neutral,0.7991446852684021,english,Mixed/Urban,love,0.10155127942562103,0.07457928359508514,0.06090002506971359,0.059506889432668686,0.31525641679763794,0.09825463593006134
linkedin,comment,7460884914146533377,https://youtu.be/flJZlMnGvnQ?si=XWchZU-amK_h00sW,https://www.linkedin.com/feed/update/urn:li:activity:7459791967221116928?commentUrn=urn%3Ali%3Acomment%3A%28activity%3A7459791967221116928%2C7460884914146533377%29&dashCommentUrn=urn%3Ali%3Afsd_comment%3A%287460884914146533377%2Curn%3Ali%3Aactivity%3A7459791967221116928%29,neutral,2026-05-15 02:53:00.072000+00:00,0,0,0,0,0.5,0,,neutral,0.731844425201416,english,Mixed/Urban,love,0.09747352451086044,0.07521902769804001,0.052698004990816116,0.05827709659934044,0.3253406286239624,0.12412147969007492
linkedin,comment,7460884950691618818,https://youtu.be/flJZlMnGvnQ?si=XWchZU-amK_h00sW,https://www.linkedin.com/feed/update/urn:li:activity:7459214669870899201?commentUrn=urn%3Ali%3Acomment%3A%28activity%3A7459214669870899201%2C7460884950691618818%29&dashCommentUrn=urn%3Ali%3Afsd_comment%3A%287460884950691618818%2Curn%3Ali%3Aactivity%3A7459214669870899201%29,neutral,2026-05-15 02:53:08.784000+00:00,0,0,0,0,0.5,0,,neutral,0.731844425201416,english,Mixed/Urban,love,0.09747352451086044,0.07521902769804001,0.052698004990816116,0.05827709659934044,0.3253406286239624,0.12412147969007492
linkedin,comment,7461254734318977024,"99 Names of Allah (SWT) - Asma Ul Husna, Islamic cartoons. Kids Islamic Songs. Islamic Nasheed.
https://youtu.be/bJkZvl4cf0E",https://www.linkedin.com/feed/update/urn:li:ugcPost:7459581575865778178?commentUrn=urn%3Ali%3Acomment%3A%28ugcPost%3A7459581575865778178%2C7461254734318977024%29&dashCommentUrn=urn%3Ali%3Afsd_comment%3A%287461254734318977024%2Curn%3Ali%3AugcPost%3A7459581575865778178%29,neutral,2026-05-16 03:22:32.072000+00:00,0,0,0,0,0.5,0,,neutral,0.932913064956665,english,Mixed/Urban,love,0.05475672706961632,0.02485107257962227,0.07725250720977783,0.03900443762540817,0.6985766887664795,0.02553209289908409
linkedin,comment,7460243223916019712,"Рали, пожелавам ви още много много успехи и такива стойностни партньорства  и клиенти! 🙏🍀 You're the best! 👏💪",https://www.linkedin.com/feed/update/urn:li:ugcPost:7459593485436915712?commentUrn=urn%3Ali%3Acomment%3A%28ugcPost%3A7459593485436915712%2C7460243223916019712%29&dashCommentUrn=urn%3Ali%3Afsd_comment%3A%287460243223916019712%2Curn%3Ali%3AugcPost%3A7459593485436915712%29,positive,2026-05-13 08:23:09.199000+00:00,0,0,0,0,0.9349668562412261,0,,positive,0.7832228541374207,english,Mixed/Urban,happy,0.019750572741031647,0.038718082010746,0.8281028866767883,0.009846995584666729,0.06596177816390991,0.017760489135980606
linkedin,comment,7459154040162140160,"Tην ημέρα της Αγίας Ειρήνης μια  κοπελίτσα μου ζήτησε να γράψω ένα  κείμενο για τη κάρτα που θα συνόδευε τα λουλούδια για τη γιορτή της μητέρας της. Συνεργάστηκαμε, έβαλε την αγάπη, την ευγνωμοσύνη, το σεβασμό, την εκτίμηση και εγώ το έντυσα λογοτεχνικά με έκδηλη τη συγκίνησή μου.
Χρόνια πολλά 🎉🎉",https://www.linkedin.com/feed/update/urn:li:activity:7459145092331712512?commentUrn=urn%3Ali%3Acomment%3A%28activity%3A7459145092331712512%2C7459154040162140160%29&dashCommentUrn=urn%3Ali%3Afsd_comment%3A%287459154040162140160%2Curn%3Ali%3Aactivity%3A7459145092331712512%29,negative,2026-05-10 08:15:07.556000+00:00,0,0,0,0,0.0012444734573364147,0,,negative,0.9958517551422119,malay,Malay/Bumiputera,love,0.03446998447179794,0.053796522319316864,0.09513473510742188,0.04257319122552872,0.642583966255188,0.04652892425656319
linkedin,comment,7459458744406437888,"اللهم آمين.. 
نسأل الله أن يجعلنا وإياكِ ممن شملتهم هذه الرحمات، ورُزقوا قلباً سامحاً ونفساً راضية ولساناً ذاكراً.. بوركتِ وبورك قلمكِ الراقي.",https://www.linkedin.com/feed/update/urn:li:activity:7459157808882606082?commentUrn=urn%3Ali%3Acomment%3A%28activity%3A7459157808882606082%2C7459458744406437888%29&dashCommentUrn=urn%3Ali%3Afsd_comment%3A%287459458744406437888%2Curn%3Ali%3Aactivity%3A7459157808882606082%29,positive,2026-05-11 04:25:54.709000+00:00,0,0,0,0,0.9983713448047637,0,,positive,0.9945711493492126,malay,Malay/Bumiputera,happy,0.03365271911025047,0.07068879902362823,0.8018128871917725,0.009096458554267883,0.04979487881064415,0.01127779483795166
linkedin,comment,7459791918844207104,"Daniela, what a powerful testament to building culture through human connection and meaningful engagement. I deeply resonate with this perspective, as I built Junior to help foster real conversations and thoughtful connections on LinkedIn. Thank you for sharing such an inspiring journey!",https://www.linkedin.com/feed/update/urn:li:activity:7459608683417763841?commentUrn=urn%3Ali%3Acomment%3A%28activity%3A7459608683417763841%2C7459791918844207104%29&dashCommentUrn=urn%3Ali%3Afsd_comment%3A%287459791918844207104%2Curn%3Ali%3Aactivity%3A7459608683417763841%29,positive,2026-05-12 02:29:49.685000+00:00,0,0,0,0,0.9921238183975218,0,,positive,0.9737460613250732,english,Mixed/Urban,happy,0.017766378819942474,0.030629299581050873,0.8347420692443848,0.009436535649001598,0.07087457180023193,0.01832033507525921
linkedin,comment,7459467956310245376,https://www.youtube.com/watch?v=dMGR5Ss9Fs0&t=9s,https://www.linkedin.com/feed/update/urn:li:ugcPost:7459467781877579778?commentUrn=urn%3Ali%3Acomment%3A%28ugcPost%3A7459467781877579778%2C7459467956310245376%29&dashCommentUrn=urn%3Ali%3Afsd_comment%3A%287459467956310245376%2Curn%3Ali%3AugcPost%3A7459467781877579778%29,neutral,2026-05-11 05:02:30.998000+00:00,0,0,0,0,0.5,0,,neutral,0.8016417622566223,english,Mixed/Urban,no_clear_emotion,0.06457333266735077,0.07800880819559097,0.04653016850352287,0.05933882296085358,0.1869082748889923,0.2595227360725403
linkedin,comment,7460359882282721280,"Лёня , один из лучших в продажах. 
Удачи тебе!",https://www.linkedin.com/feed/update/urn:li:ugcPost:7459519659973783553?commentUrn=urn%3Ali%3Acomment%3A%28ugcPost%3A7459519659973783553%2C7460359882282721280%29&dashCommentUrn=urn%3Ali%3Afsd_comment%3A%287460359882282721280%2Curn%3Ali%3AugcPost%3A7459519659973783553%29,positive,2026-05-13 16:06:42.721000+00:00,0,0,0,0,0.9941064178943633,0,,positive,0.9803547263145447,malay,Malay/Bumiputera,no_clear_emotion,0.015648307278752327,0.04327484592795372,0.34309321641921997,0.01643500104546547,0.16825683414936066,0.058895472437143326
linkedin,comment,7460513757937618944,"Cfbr
Леонид ака, лучший в своем деле!",https://www.linkedin.com/feed/update/urn:li:ugcPost:7459519659973783553?commentUrn=urn%3Ali%3Acomment%3A%28ugcPost%3A7459519659973783553%2C7460513757937618944%29&dashCommentUrn=urn%3Ali%3Afsd_comment%3A%287460513757937618944%2Curn%3Ali%3AugcPost%3A7459519659973783553%29,positive,2026-05-14 02:18:09.536000+00:00,0,0,0,0,0.867969262599945,0,,positive,0.5598975419998169,malay,Malay/Bumiputera,love,0.023037005215883255,0.0181969553232193,0.18628191947937012,0.014498728327453136,0.6449781656265259,0.02361248806118965
linkedin,comment,7416309221933207552,Congrats Saz! My 1st time experience using Setel and BUDI95 was seamless and easy. Kudos to the Team!,https://www.linkedin.com/feed/update/urn:li:ugcPost:7411787512643350528?commentUrn=urn%3Ali%3Acomment%3A%28ugcPost%3A7411787512643350528%2C7416309221933207552%29&dashCommentUrn=urn%3Ali%3Afsd_comment%3A%287416309221933207552%2Curn%3Ali%3AugcPost%3A7411787512643350528%29,positive,2026-01-12 02:45:06.872000+00:00,0,0,0,0,0.9958166480064392,0,,positive,0.9860554933547974,english,Mixed/Urban,happy,0.026559816673398018,0.10992211848497391,0.7918972373008728,0.011961431242525578,0.02494356967508793,0.014579378999769688
linkedin,comment,7417757232315908096,Congratulations Ts. Sazlina Ahamad to making this possible. Every since the launch I’ve never used any other petrol stations. Such seamless and frictionless user experience via Setel,https://www.linkedin.com/feed/update/urn:li:ugcPost:7411787512643350528?commentUrn=urn%3Ali%3Acomment%3A%28ugcPost%3A7411787512643350528%2C7417757232315908096%29&dashCommentUrn=urn%3Ali%3Afsd_comment%3A%287417757232315908096%2Curn%3Ali%3AugcPost%3A7411787512643350528%29,positive,2026-01-16 02:38:59.449000+00:00,0,0,0,0,0.9877899765968322,0,,positive,0.9592999219894409,english,Mixed/Urban,happy,0.02371268719434738,0.15147849917411804,0.719261646270752,0.014531707391142845,0.028796877712011337,0.03395877778530121
linkedin,comment,7442189003300433920,Well done ! Anda power,https://www.linkedin.com/feed/update/urn:li:activity:7442024199524605952?commentUrn=urn%3Ali%3Acomment%3A%28activity%3A7442024199524605952%2C7442189003300433920%29&dashCommentUrn=urn%3Ali%3Afsd_comment%3A%287442189003300433920%2Curn%3Ali%3Aactivity%3A7442024199524605952%29,neutral,2026-03-24 12:42:07.573000+00:00,0,0,0,0,0.5,0,,neutral,0.6075189113616943,english,Mixed/Urban,no_clear_emotion,0.13980405032634735,0.13540838658809662,0.1362646222114563,0.09761185199022293,0.1755538433790207,0.13787677884101868
linkedin,comment,7455191293120606208,"For more details, click on the link below :
https://theedgemalaysia.com/node/801508",https://www.linkedin.com/feed/update/urn:li:ugcPost:7455188330943512576?commentUrn=urn%3Ali%3Acomment%3A%28ugcPost%3A7455188330943512576%2C7455191293120606208%29&dashCommentUrn=urn%3Ali%3Afsd_comment%3A%287455191293120606208%2Curn%3Ali%3AugcPost%3A7455188330943512576%29,neutral,2026-04-29 09:48:35.037000+00:00,0,0,0,0,0.5,0,,neutral,0.8596794605255127,english,Mixed/Urban,love,0.02852259948849678,0.04179177060723305,0.0481453575193882,0.04547020047903061,0.4020957946777344,0.16589689254760742
linkedin,comment,7398722452706611200,"Contrats man, well done on the app. Ok lah, switch to Petronas la after 15 years of Shell",https://www.linkedin.com/feed/update/urn:li:ugcPost:7395945405684858880?commentUrn=urn%3Ali%3Acomment%3A%28ugcPost%3A7395945405684858880%2C7398722452706611200%29&dashCommentUrn=urn%3Ali%3Afsd_comment%3A%287398722452706611200%2Curn%3Ali%3AugcPost%3A7395945405684858880%29,positive,2025-11-24 14:01:34.342000+00:00,0,0,0,0,0.9871211230754852,0,,positive,0.9570704102516174,english,Mixed/Urban,love,0.026914045214653015,0.01772436685860157,0.2740245759487152,0.015411391854286194,0.4098649322986603,0.027440808713436127
linkedin,comment,7396336980134920192,U the man...,https://www.linkedin.com/feed/update/urn:li:ugcPost:7395945405684858880?commentUrn=urn%3Ali%3Acomment%3A%28ugcPost%3A7395945405684858880%2C7396336980134920192%29&dashCommentUrn=urn%3Ali%3Afsd_comment%3A%287396336980134920192%2Curn%3Ali%3AugcPost%3A7395945405684858880%29,neutral,2025-11-18 00:02:33.360000+00:00,0,0,0,0,0.5,0,,neutral,0.6123082041740417,english,Mixed/Urban,happy,0.09561566263437271,0.07859548926353455,0.3013078570365906,0.04408784210681915,0.22109191119670868,0.04919275641441345
linkedin,comment,7446655100485296128,Bomb on wheels...,https://www.linkedin.com/feed/update/urn:li:ugcPost:7444715963419357184?commentUrn=urn%3Ali%3Acomment%3A%28ugcPost%3A7444715963419357184%2C7446655100485296128%29&dashCommentUrn=urn%3Ali%3Afsd_comment%3A%287446655100485296128%2Curn%3Ali%3AugcPost%3A7444715963419357184%29,neutral,2026-04-05 20:28:48.117000+00:00,0,0,0,0,0.5,0,,neutral,0.6779992580413818,english,Mixed/Urban,love,0.14583159983158112,0.0705747976899147,0.1024627611041069,0.048181332647800446,0.2775823175907135,0.08089140057563782
linkedin,comment,7445824509607088128,"I see Asian symbols on the road - Korean perhaps. God help them if they snag the ""feeding"" hose.",https://www.linkedin.com/feed/update/urn:li:ugcPost:7444715963419357184?commentUrn=urn%3Ali%3Acomment%3A%28ugcPost%3A7444715963419357184%2C7445824509607088128%29&dashCommentUrn=urn%3Ali%3Afsd_comment%3A%287445824509607088128%2Curn%3Ali%3AugcPost%3A7444715963419357184%29,negative,2026-04-03 13:28:19.821000+00:00,0,0,0,0,0.08834574222564698,0,,negative,0.7055141925811768,english,Mixed/Urban,love,0.0220138281583786,0.01684795878827572,0.03772147372364998,0.022132210433483124,0.8550961017608643,0.015792883932590485
linkedin,comment,7416992025020960768,Awesome job bro! Well done,https://www.linkedin.com/feed/update/urn:li:ugcPost:7414989212070105088?commentUrn=urn%3Ali%3Acomment%3A%28ugcPost%3A7414989212070105088%2C7416992025020960768%29&dashCommentUrn=urn%3Ali%3Afsd_comment%3A%287416992025020960768%2Curn%3Ali%3AugcPost%3A7414989212070105088%29,positive,2026-01-13 23:58:19.814000+00:00,0,0,0,0,0.9794930636882782,0,,positive,0.931643545627594,english,Mixed/Urban,happy,0.03829364478588104,0.12346018850803375,0.5025254487991333,0.016647370532155037,0.07341932505369186,0.08549089729785919
linkedin,comment,7415403085713620994,Well done bro!,https://www.linkedin.com/feed/update/urn:li:ugcPost:7414989212070105088?commentUrn=urn%3Ali%3Acomment%3A%28ugcPost%3A7414989212070105088%2C7415403085713620994%29&dashCommentUrn=urn%3Ali%3Afsd_comment%3A%287415403085713620994%2Curn%3Ali%3AugcPost%3A7414989212070105088%29,positive,2026-01-09 14:44:27.162000+00:00,0,0,0,0,0.8848165929317474,0,,positive,0.6160553097724915,english,Mixed/Urban,love,0.11277610063552856,0.08907284587621689,0.23713169991970062,0.04650091379880905,0.2380000799894333,0.05985710024833679
linkedin,comment,7460922428211458048,Regardless of which car you use there'll be traffic jam and parking issues. The real kings are motorbikes and escooters,https://www.linkedin.com/feed/update/urn:li:ugcPost:7460689038446997504?commentUrn=urn%3Ali%3Acomment%3A%28ugcPost%3A7460689038446997504%2C7460922428211458048%29&dashCommentUrn=urn%3Ali%3Afsd_comment%3A%287460922428211458048%2Curn%3Ali%3AugcPost%3A7460689038446997504%29,neutral,2026-05-15 05:22:04.121000+00:00,0,0,0,0,0.5,0,,neutral,0.4702411890029907,english,Mixed/Urban,no_clear_emotion,0.12202269583940506,0.014095134101808071,0.08545497059822083,0.018468448892235756,0.3243633806705475,0.01803874783217907
linkedin,comment,7460976515778912256,Doggie 🐶 in style 😎,https://www.linkedin.com/feed/update/urn:li:ugcPost:7460689038446997504?commentUrn=urn%3Ali%3Acomment%3A%28ugcPost%3A7460689038446997504%2C7460976515778912256%29&dashCommentUrn=urn%3Ali%3Afsd_comment%3A%287460976515778912256%2Curn%3Ali%3AugcPost%3A7460689038446997504%29,positive,2026-05-15 08:56:59.603000+00:00,0,0,0,0,0.9766590237617492,0,,positive,0.9221967458724976,english,Mixed/Urban,love,0.024200439453125,0.015334107913076878,0.06863944977521896,0.01565277948975563,0.7929818034172058,0.021692870184779167
