Platform	Type	ID	Text	Sentiment	Date	likes	shares	comments_count	views	sentiment_score	total_engagement
TikTok	TikTok Post	7517443862093204744	اَلسَلامُ عَلَيْكُم وَرَحْمَةُ اَللهِ وَبَرَكاتُهُ‎ Jangan berlengah lagi untuk membuat permohonan baharu Bantuan Musim Tengkujuh bagi tahun 2025 di Portal Pekebun Kecil RISDA https://pekebunkecil.risda.gov.my yang telah dibuka sehingga 30 September 2025. Bagi pekebun kecil getah RISDA (pemilik kebun dan penoreh), boleh terus menggunakan Portal seperti tahun-tahun sebelum ini dengan mengemaskini dan menghantar permohonan 2025. Bagi peserta Agensi seperti JAKOA, FELCRA, dsb boleh merujuk agensi masing-masing terlebih dahulu. Borang-borang berkaitan BMT boleh diperolehi di pautan ini https://drive.google.com/drive/folders/1ITEpo7__t0GHYSosZhsM3Tk_0jznp1cT Rujukan mengisi Portal: https://pekebunkecil.risda.gov.my/manual-pengguna Panduan bergambar yang pernah Min kongsikan sebelum ini: https://www.facebook.com/share/p/1B3Z5GhunZ/ Min boleh bantu beri panduan berkaitan BMT sepanjang waktu bekerja (Kedah) dan ketika waktu senggang yang lain. Harap bersabar, pertanyaan tuan/puan akan dijawab bila Min berkelapangan 😎 Jom BMT 💪 #fyp #foryourpage #RISDA  #CaknaBMT  #bantuanmusimtengkujuh2025 #pekebunkecilgetah #WargaRISDAMadani #ℝ𝕀𝕊𝔻𝔸𝕂𝔼𝔻𝔸ℍ	Neutral	Jun 19 at 12:01 AM	40	23	8	1127	0.9827	1198
TikTok	TikTok Comment	7517443862093204744_2000001	"Tkasih.
saya kena g pjbat Risda yg brhampiran."	Neutral	Jun 19 at 12:25 PM	1	0	0	0	0.9739	1
TikTok	TikTok Comment	7517443862093204744_2000002	asalamaualaikum maaf bertanya perlis dh berkuatkuasa ka encik	Neutral	Jun 19 at 02:12 AM	0	0	0	0	0.9441	0
TikTok	TikTok Comment	7517443862093204744_2000003	sblm nie dah dapat..still kena mohon jgk kea	Neutral	Jun 19 at 02:01 PM	0	0	0	0	0.8640	0
TikTok	TikTok Post	7309835513198841089	Ulasan mengenai Bantuan Musim Tengkujuh (BMT) melibatkan Pembayaran kepada pekebun kecil getah berjumlah RM800 seorang iaitu pembayaran RM200 sebulan selama 4 bulan akan dikreditkan kepada yang layak pada bulan November 2024 sehingga Februari 2025. Saya turut mengesahkan bahawa selagi mana pekebun kecil ini berdaftar dengan Kementerian Perladangan dan Komoditi atau mana-mana agensi yang berkaitan seperti RISDA, FELCRA, Jabatan Kemajuan Orang Asli (JAKOA), Lembaga Getah Malaysia (LGM), KESEDAR, KETENGAH dan lain-lain, mereka semua layak untuk menerima bantuan ini.	Positive	Dec 07 at 12:55 PM	299	39	67	7559	0.9953	7964
TikTok	TikTok Comment	7309835513198841089_2000001	Satu geran banyak nama, boleh mohon berapa org?	Negative	Jun 19 at 11:11 PM	0	0	0	0	0.5200	0
TikTok	TikTok Comment	7309835513198841089_2000002	yg dh ada pmohonan utk thn lepas kna update ke atau x perlu update	Neutral	Jun 20 at 12:47 PM	0	0	0	0	0.9164	0
TikTok	TikTok Comment	7309835513198841089_2000003	alhamdulillah.. terima kasih kerana cakna pd pekebun kecil	Positive	Dec 08 at 08:19 AM	3	0	0	0	0.9965	3
TikTok	TikTok Post	7379746858807069959	بِسْــــــــمِ اٌللَّهِ اٌلرَّحْمَنِ اٌلرَّحِيْـــــــــمِ ٱلسَّلَامُ عَلَيْكُمْ وَرَحْمَةُ ٱللَّٰهِ وَبَرَكَاتُهُ 𝗝𝗮𝗱𝘂𝗮𝗹 𝗽𝗲𝗺𝗯𝗮𝘆𝗮𝗿𝗮𝗻 𝗕𝗠𝗧𝟮𝟬𝟮𝟰 𝘁𝗲𝗹𝗮𝗵 𝗱𝗶𝘁𝗲𝘁𝗮𝗽𝗸𝗮𝗻 𝗯𝗲𝗿𝗺𝘂𝗹𝗮 𝗯𝘂𝗹𝗮𝗻 𝗡𝗼𝘃𝗲𝗺𝗯𝗲𝗿 𝟮𝟬𝟮𝟰 𝘀𝗲𝗵𝗶𝗻𝗴𝗴𝗮 𝗙𝗲𝗯𝗿𝘂𝗮𝗿𝗶 𝟮𝟬𝟮𝟱. Tuan/puan memiliki tempoh masa yang agak panjang tahun ini untuk memohon BMT. Kerja dah mudah kalau memang penerima BMT tahun sebelum ni. Min rayu agar  sampai menyampaikan info BMT kepada ahli keluarga, sahabat handai dan jiran² sekampung agar tiada lagi yang tercicir bantuan.  Min kongsikan sekali lagi slaid taklimat BMT2024 (untuk rujukan tuan/puan) di tiny.cc/bmt2024 dan sekiranya tuan/puan memerlukan borang berkaitan permohonan BMT juga boleh diperolehi melalui Portal Pekebun Kecil RISDA atau melalui pautan tiny.cc/borangrisda (Bantuan Musim Tengkujuh).  Pastikan info sahih berkaitan BMT diperolehi terus dari sumber RISDA - Pihak Berkuasa Kemajuan Pekebun Kecil Perusahaan Getah dan Facebook Rasmi RISDA sahaja 📌 Ramai dah mohon, anda bila lagi?  #fyp #foryourpage #bantuanmusimtengkujuh2024  #kementeriankemajuandesadanwilayah  #luarbandarsejahtera  #WargaRISDAMadani  #risdakedah 	Negative	Jun 12 at 10:27 PM	204	92	140	42500	0.8089	42936
TikTok	TikTok Comment	7379746858807069959_2000001	"Alhamdilillah
Terima kasih TPM Kerajaan Perpaduan 👍👍👍"	Positive	Dec 07 at 01:30 PM	6	0	0	0	0.9968	6
TikTok	TikTok Comment	7379746858807069959_2000002	Syukur sangat2 🥰	Positive	Dec 07 at 01:09 PM	5	0	0	0	0.9928	5
TikTok	TikTok Comment	7379746858807069959_2000003	Alhamdulillah	Positive	Dec 07 at 01:16 PM	4	0	0	0	0.9961	4
TikTok	TikTok Post	7164955976355925249	Bantuan musim tengkujuh: Risda anggap bayaran awal keputusan tepat #beritaRTM #RTM #trandingnewsmalaysia	Neutral	Nov 12 at 03:30 AM	327	97	19	50800	0.9280	51243
TikTok	TikTok Comment	7164955976355925249_2000001	TERBAIK Datuk Seri Zahid Hamidi 👍	Positive	Dec 08 at 04:42 AM	4	0	0	0	0.6639	4
TikTok	TikTok Comment	7164955976355925249_2000002	Alhamdulillah moga mereka yg terbabit dpt manfaat	Positive	Dec 07 at 01:09 PM	3	0	0	0	0.9968	3
TikTok	TikTok Comment	7164955976355925249_2000003	alhamdulillah.. nasib pekebun kecil terus diambil perhatian	Positive	Dec 08 at 08:03 AM	3	0	0	0	0.9965	3
TikTok	TikTok Post	7200349767950486785	BANTUAN MUSIM TENGKUJUH : 318, 642 PEKEBUN, PENOREH GETAH TERIMA MANFAAT #BeritaRTM #RTM #trandingnewsmalaysia #beritaditiktok #viralvideo #fyp	Neutral	Feb 15 at 12:30 PM	116	20	1	12400	0.9940	12537
TikTok	TikTok Comment	7200349767950486785_2000001	👍👍👍👍	Neutral	Dec 08 at 07:20 AM	3	0	0	0	0.9271	3
TikTok	TikTok Comment	7200349767950486785_2000002	Terbaik. semoga tiada kerenah birokrasi dalam penyaluran bantuan musim tengkujuh ini.	Positive	Dec 08 at 04:38 AM	3	0	0	0	0.9832	3
TikTok	TikTok Comment	7200349767950486785_2000003	🥰🥰🥰	Neutral	Dec 08 at 03:06 AM	3	0	0	0	0.9271	3
TikTok	TikTok Post	7309042522699861255	Bantuan Musim Tengkujuh RM800 Mula Diagihkan Pada Bulan ini  Semak Sekarang https://www.bungaraya.my/2023/12/bantuan-musim-tengkujuh-rm800-mula.html #malaysia #fyp #bantuan #emadani #rm800 #risda 	Positive	Dec 05 at 09:37 AM	1206	848	116	174900	0.9676	177070
TikTok	TikTok Comment	7309042522699861255_2000001	😎😎😎	Neutral	Aug 31 at 02:58 PM	1	0	0	0	0.9271	1
TikTok	TikTok Comment	7309042522699861255_2000002	🥰🥰🥰	Neutral	Nov 24 at 03:05 AM	0	0	0	0	0.9271	0
TikTok	TikTok Comment	7309042522699861255_2000003	🥰🥰🥰	Neutral	Jun 13 at 01:45 AM	1	0	0	0	0.9271	1
TikTok	TikTok Post	7410239121513352456	Bantuan Musim Tengkujuh 2024 : Permohonan, Syarat Kelayakan & Tarikh Bayaran #bantuanmusimtengkujuh #BMT #risda #malaysiamadani #terkini #risdaprihatinpekebunkecilmakmur #pekebunkecil #pekebunkecilsawit #pekebunkecilmakmur #pekebunkecilgetah #bismillahirrahmanirrahim #fypシ 	Neutral	Sep 03 at 02:32 AM	10	4	0	611	0.9729	625
TikTok	TikTok Comment	7410239121513352456_2000001	dah	Negative	Oct 14 at 07:01 AM	2	0	0	0	0.6070	2
TikTok	TikTok Comment	7410239121513352456_2000002	pembayaran untuk January 2025 bila	Neutral	Jan 18 at 01:49 PM	2	0	0	0	0.9785	2
TikTok	TikTok Comment	7410239121513352456_2000003	dh boleh mohon ke	Neutral	Jun 14 at 01:01 AM	2	0	0	0	0.9935	2
TikTok	TikTok Post	7443968330181922068	Kerajaan memperuntukkan RM127.4 juta sebagai Bantuan Musim Tengkujuh (BMT) kepada LEBIH 300,000 pekebun kecil di seluruh negara #AWANInews	Positive	Dec 02 at 11:59 PM	197	43	17	16900	0.9966	17157
TikTok	TikTok Comment	7443968330181922068_2000001	macmne nk mohon ,kebun luas,kebun sempit boleh ke	Neutral	Jun 13 at 01:32 PM	1	0	0	0	0.9933	1
TikTok	TikTok Comment	7443968330181922068_2000002	Skrng 4 kli pembayaran ke bkn sekali 800	Neutral	Nov 09 at 04:00 AM	1	0	0	0	0.9524	1
TikTok	TikTok Comment	7443968330181922068_2000003	dh jadi 400 kan...800 lenyap	Negative	Dec 08 at 07:31 AM	0	0	0	0	0.4998	0
TikTok	TikTok Post	7374989069568314632	Bantuan Musim Tengkujuh dah boleh mohon mulai esok, 1 Jun 2024. https://pekebunkecil.risda.gov.my #RisdaDungun #BantuanMusimTengkujuh #BMT #WargaRISDAMadani #KitaSamaSama #risdaprihatin #pekebunkecilmakmur  #risdaprihatinpekebunkecilmakmur #risdanegeriterengganu #risdadungunprihatinpekebunkecil	Neutral	May 31 at 02:44 AM	256	294	49	40700	0.9933	41299
TikTok	TikTok Comment	7374989069568314632_2000001	ayah saya bru semalam kita tidak layak. boleh buat rayuan ke mi?	Neutral	Dec 17 at 11:36 AM	0	0	0	0	0.9069	0
TikTok	TikTok Comment	7374989069568314632_2000002	dah 19 november tak masuk2 lgi pun	Negative	Nov 19 at 07:40 AM	2	0	0	0	0.9947	2
TikTok	TikTok Comment	7374989069568314632_2000003	yg jan dan feb ni bila nk dpt ye?harini dh 28/2 ada ke takde sbnrnya?	Negative	Feb 28 at 04:00 AM	1	0	0	0	0.9770	1
TikTok	TikTok Post	7390186680080157968	BANTUAN MUSIM TENGKUJUH (BMT) 2024 : CARA MOHON & SEMAKAN LINK RASMI DEKAT BIO #bantuanmalaysia2024 #inforakyatmalaysia #bantuanrakyat2024 #infoterkinimalaysia #fyp #foryou #foryoupage #fypシ゚viral 	Neutral	Jul 11 at 01:39 AM	7	0	0	1308	0.9930	1315
TikTok	TikTok Comment	7390186680080157968_2000001	Bulan 1,2 blum byr lagi.. Dulu ckp tiap2 bulan.. Apa punya kerajaan mcm ni?	Negative	Feb 21 at 06:43 AM	1	0	0	0	0.9966	1
TikTok	TikTok Comment	7390186680080157968_2000002	ligs selalu bulan 12..	Neutral	Nov 17 at 03:29 AM	2	0	0	0	0.9869	2
TikTok	TikTok Comment	7390186680080157968_2000003	x lagi masuk	Neutral	Apr 26 at 04:02 AM	0	0	0	0	0.9920	0
TikTok	TikTok Post	7477912556590402823	"اَلسَلامُ عَلَيْكُم وَرَحْمَةُ اَللهِ وَبَرَكاتُهُ‎
Insya Allah jika tiada aral melintang, esok 5 Mac 2025 (Rabu), ada bayaran Peringkat 4 (RM200) bagi penerima yang telah berjaya mendapat RM600 sebelum ini. Bagi kes-kes lain, Insya Allah akan menyusul nanti. Masih ada bayaran sedang beratur untuk pembayaran BMT2024. 

Selamat berbuka semua, jangan lupa ucapkan Alhamdulillah dengan rezeki yang Allah berikan kepada kita 🤲

#bantuanmusimtengkujuh2024 
#pekebunkecilgetah 
#WargaRISDAMadani 
#ℝ𝕀𝕊𝔻𝔸𝕂𝔼𝔻𝔸ℍ"	Positive	Mar 04 at 11:19 AM	288	101	279	64300	0.9961	64968
TikTok	TikTok Comment	7477912556590402823_2000001	LIGS tiada bantuan musim tengkujuh ( BMT) ke.	Neutral	Dec 14 at 01:09 AM	1	0	0	0	0.7216	1
TikTok	TikTok Comment	7477912556590402823_2000002	x Tau Mau percaya sama sapa belum ada balik² cek masi juga belum ada kabar	Negative	Nov 25 at 05:10 AM	1	0	0	0	0.9235	1
TikTok	TikTok Comment	7477912556590402823_2000003	X ada masuk pun	Neutral	Nov 17 at 09:12 PM	1	0	0	0	0.9937	1
TikTok	TikTok Post	7514302043490700552		Neutral	Jun 10 at 12:49 PM	54	0	5	330	0.5000	389
TikTok	TikTok Comment	7514302043490700552_2000001	masuk dah	Neutral	Nov 20 at 03:46 AM	1	0	0	0	0.9914	1
TikTok	TikTok Comment	7514302043490700552_2000002	Terbaik🥰🥰	Neutral	Dec 01 at 11:08 AM	2	0	0	0	0.9271	2
TikTok	TikTok Comment	7514302043490700552_2000003	tidak ada harapan ini kerajaan medani, byk saja cakap ini dan itu kasih bantuan lambat Kasih masuk	Negative	Mar 29 at 07:27 AM	0	0	0	0	0.9443	0
TikTok	TikTok Post	7400205255209700626	"Program bantuan tunai Musim Tengkujuh 2024 berjumlah RM800, permohonan kini dibuka kepada warganegara Malaysia.
#bantuan #malaysianupdate #fyp #bantuanterkini #warganegaramalaysia "	Positive	Aug 07 at 01:35 AM	25	3	1	3204	0.9955	3233
TikTok	TikTok Comment	7400205255209700626_2000001	ada yg dah masuk tak..b.islam	Neutral	Mar 05 at 04:57 AM	0	0	0	0	0.5263	0
TikTok	TikTok Comment	7400205255209700626_2000002	blm masuk pn..bila nk masuknya.	Neutral	Mar 05 at 02:43 AM	0	0	0	0	0.9844	0
TikTok	TikTok Comment	7400205255209700626_2000003	10/3 dah limpas belum ada masuk lagi mbt ni.	Negative	Mar 23 at 05:08 AM	0	0	0	0	0.9897	0
TikTok	TikTok Post	7502006610328341767	"#foryourpage 
#pekebunkecilgetah
#bantuanmusimtengkujuh2024
#WargaRISDAMadani
#ℝ𝕀𝕊𝔻𝔸𝕂𝔼𝔻𝔸ℍ"	Neutral	May 08 at 09:37 AM	77	45	23	9369	0.9901	9514
TikTok	TikTok Comment	7502006610328341767_2000001	dapat cuma yg bulan 11 sj..lepas tu tiada sampai sekarang..	Negative	Mar 05 at 01:20 PM	1	0	0	0	0.9584	1
TikTok	TikTok Comment	7502006610328341767_2000002	buln february masuk rm200 saja.mna lagi rm200	Neutral	Mar 06 at 04:31 AM	1	0	0	0	0.9913	1
TikTok	TikTok Comment	7502006610328341767_2000003	Kita org xdpt2 still dlm proses... Bentong pahang	Neutral	Mar 05 at 06:47 AM	0	0	0	0	0.9422	0
TikTok	TikTok Post	7316773355418357000	"TDM Berharap dengan sumbangan yang diberikan dapat sedikit sebanyak meringankan bebanan para nelayan yang terkesan dan semoga mereka terus diberikan kekuatan untuk menghadapi dugaan yang mendatang.

#TDMBerhad #TDMPlantation #KMIHealthcare #Nelayan #Banjir "	Positive	Dec 26 at 05:37 AM	84	9	4	4308	0.9969	4405
TikTok	TikTok Comment	7316773355418357000_2000001	nak ceq lulus ka dak,blh ka...p pendang khamis kemarin pegawai yg bahagian tu xdak	Negative	Mar 07 at 01:22 AM	0	0	0	0	0.9831	0
TikTok	TikTok Comment	7316773355418357000_2000002	ada tak f4 yg dh msuk tuk public bank?	Negative	Mar 05 at 06:22 AM	0	0	0	0	0.9633	0
TikTok	TikTok Comment	7316773355418357000_2000003	saya baru dpt fasa 1 dan 2 pada bulan feb .. fasa 3 dan 4 bila ya nak dapat..	Neutral	Mar 28 at 02:58 AM	0	0	0	0	0.9862	0
TikTok	TikTok Post	7374989069568314632	"Bantuan Musim Tengkujuh dah boleh mohon mulai esok, 1 Jun 2024.

https://pekebunkecil.risda.gov.my

#RisdaDungun #BantuanMusimTengkujuh #BMT #WargaRISDAMadani #KitaSamaSama #risdaprihatin #pekebunkecilmakmur 
#risdaprihatinpekebunkecilmakmur
#risdanegeriterengganu
#risdadungunprihatinpekebunkecil"	Neutral	May 31 at 02:44 AM	256	294	49	40700	0.9933	41299
TikTok	TikTok Comment	7374989069568314632_2000001	Kami dapat sampai Dec ja..Jan dan Feb xmerasa lg laa...harap dpt LA..	Positive	Mar 04 at 03:10 PM	2	0	0	0	0.9700	2
TikTok	TikTok Comment	7374989069568314632_2000002	Ambil berat untuk rakyat,,,,	Positive	Jun 10 at 07:30 PM	1	0	0	0	0.9833	1
TikTok	TikTok Comment	7374989069568314632_2000003	🥰🥰🥰	Neutral	Jun 10 at 06:10 PM	1	0	0	0	0.9271	1
TikTok	TikTok Post	7517803961789861127	"musim tengkujuh
#opotohkonimai 
#videoviraltiktok 
#fyppppppppppppppppppppp 
#fypシ "	Neutral	Jun 19 at 11:19 PM	15	0	0	153	0.8038	168
TikTok	TikTok Comment	7517803961789861127_2000001	🥰🥰	Neutral	Jun 10 at 11:44 PM	1	0	0	0	0.5000	1
TikTok	TikTok Comment	7517803961789861127_2000002	😭😭😭	Neutral	Jun 11 at 01:15 PM	0	0	0	0	0.9271	0
TikTok	TikTok Comment	7517803961789861127_2000003	😳😳😳	Neutral	Aug 07 at 05:40 AM	0	0	0	0	0.9271	0
TikTok	TikTok Post	7369729364851690760	"بِسْــــــــمِ اٌللَّهِ اٌلرَّحْمَنِ اٌلرَّحِيْـــــــــمِ
ٱلسَّلَامُ عَلَيْكُمْ وَرَحْمَةُ ٱللَّٰهِ وَبَرَكَاتُهُ

Salam Jumaat kepada semua #pekebunkecilgetah RISDA dan @followers RISDA KEDAH di seluruh Malaysia. Min doakan kalian juga sihat sejahtera dan dikurniakan kesabaran tahap tinggi bagi menempuhi hari-hari mendatang. 

Pagi ni, Min hanya nak buat promosi bagi permohonan Bantuan Musim Tengkujuh RISDA 2024 akan akan bermula pada 1 Jun 2024 nanti. Jangan ada lagi yang tercicir bantuan lagi. Bersedia dari sekarang dengan dokumentasi yang diperlukan (bagi pemohon baharu/Kategori Penoreh) dan kepada pemohon sebelum ini (Kategori Pemilik) hanya perlu kemaskini maklumat dan hantar permohonan 2024 di dalam Portal Pekebun Kecil kelak. 

Selamat beristirahat kepada yang bercuti dan selamat bekerja kepada yang lain. Semoga urusan kita semua dipermudahkan Allah S.W.T pada penghulu segala hari ini. Amin 🤲

#fyp #foryourpage 
#bantuanmusimtengkujuh2024
#risdaprihatinpekebunkecilmakmur
#kementeriankemajuandesadanwilayah
#WargaRISDAMadani
#risdakedah"	Positive	May 16 at 10:34 PM	22	0	0	1892	0.9476	1914
TikTok	TikTok Comment	7369729364851690760_2000001	yang ligs bila😭	Neutral	May 11 at 07:45 AM	1	0	0	0	0.9926	1
TikTok	TikTok Comment	7369729364851690760_2000002	LIGS sampai ke hari ini tiada berita.	Neutral	May 25 at 12:26 PM	0	0	0	0	0.8345	0
TikTok	TikTok Comment	7369729364851690760_2000003	"🙂AI sa blm DPT..
bilala Smpai tu ar🙂"	Neutral	May 21 at 01:14 AM	0	0	0	0	0.9619	0
TikTok	TikTok Post	7205498524253850907	Mintok bantuan Musim ii tengkujuh ni 😆😂 #fyp #nelayankuantan #sekkelautkuantan #sekkelautpntaitimor #siyasamah @#9951@ 	Positive	Mar 01 at 08:54 AM	46	0	9	937	0.9747	992
TikTok	TikTok Comment	7205498524253850907_2000001	"Tkasih.
permohonan baru utk tahun 2025 bila dibuka Tuan.😊😊"	Neutral	May 12 at 12:30 PM	0	0	0	0	0.9586	0
TikTok	TikTok Comment	7205498524253850907_2000002	Btoi ka ni. Penat ja mohon. Kebun getah pokok getah. Mohon x dapt2. Kebun getah. Tanaman pokok hutan. Mohon senang dpt.. Apa cta ni..	Negative	May 08 at 03:31 PM	0	0	0	0	0.9877	0
TikTok	TikTok Comment	7205498524253850907_2000003	dah masuk baki 400 terima kasih risda	Positive	May 12 at 10:53 AM	0	0	0	0	0.9744	0
TikTok	TikTok Post	7291099296164760839	"Bantuan Musim Tengkujuh dan Musim Menuai: Mengapa Tidak Disebut Dalam Bajet?

#SidangRakyat 
#AhliParlimenSik 
#PNtetapBEST"	Positive	Oct 18 at 01:09 AM	75	1	0	1801	0.9810	1877
TikTok	TikTok Comment	7291099296164760839_2000001	ok...terima	Neutral	May 09 at 08:59 AM	0	0	0	0	0.9715	0
TikTok	TikTok Comment	7291099296164760839_2000002	boleh tanya ke pegawai RISDA yg berdekatan soheh atau pun tidak	Neutral	May 08 at 01:42 PM	0	0	0	0	0.9030	0
TikTok	TikTok Comment	7291099296164760839_2000003	betul saya dah ambik tadi .rm400 suami rm400	Neutral	May 09 at 06:53 AM	1	0	0	0	0.9185	1
TikTok	TikTok Post	7432484586153692424	MUSIM TENGKUJUH: MET MALAYSIA RAMAL BERMULA 5 NOV 2024 HINGGA MAC 2025 #BeritaRTM #RTM #trendingnewsmalaysia #viralvideos #fyp #beritatiktok #taatsetia	Neutral	Nov 02 at 01:16 AM	5685	3091	85	266600	0.9743	275461
TikTok	TikTok Comment	7432484586153692424_2000001	betul tu...sy punya dh masuk acc...bank hantar msj😊	Neutral	May 09 at 05:33 AM	1	0	0	0	0.9663	1
TikTok	TikTok Comment	7432484586153692424_2000002	pdg kubu x g tgok	Neutral	Dec 26 at 09:45 AM	1	0	0	0	0.9935	1
TikTok	TikTok Comment	7432484586153692424_2000003	terbaek👍	Neutral	Dec 26 at 10:56 AM	1	0	0	0	0.9271	1
TikTok	TikTok Post	7042527920002288922	#musimtengkujuh #hatihatigaes #tiktokmalaysiaviral #fypシ゚viral	Neutral	Dec 17 at 04:45 AM	569	149	19	63200	0.9504	63937
TikTok	TikTok Comment	7042527920002288922_2000001	Semua Allah yg pegang	Positive	Nov 02 at 01:59 PM	6	0	0	0	0.9577	6
TikTok	TikTok Comment	7042527920002288922_2000002	Sampai mac musim tengkujuh	Neutral	Dec 09 at 12:19 AM	0	0	0	0	0.9832	0
TikTok	TikTok Comment	7042527920002288922_2000003	aku takut bila tengok keadaan cuaca dunia sekarang 😥😥😥😥😥😥🤲🤲🤲🤲🤲	Negative	Nov 03 at 11:59 AM	3	0	0	0	0.5912	3
TikTok	TikTok Post	7441076693160316167	#urbangarden #theplot #foryou #pyf #fyp #gaharutea #tehgaharu #malaysia #indonesia #singapore #brunei 	Neutral	Nov 25 at 04:58 AM	1519	263	91	32400	0.9940	34273
TikTok	TikTok Comment	7441076693160316167_2000001	👍	Neutral	Dec 01 at 06:12 AM	0	0	0	0	0.5000	0
TikTok	TikTok Comment	7441076693160316167_2000002	semua Kuasa Allah..jngn percaya sngt ramalan ni...	Negative	Nov 02 at 05:22 AM	37	0	0	0	0.8171	37
TikTok	TikTok Comment	7441076693160316167_2000003	lama nya.	Neutral	Nov 02 at 02:38 PM	2	0	0	0	0.9405	2
TikTok	TikTok Post	7444395597060197652	PERHATIAN Ramalan Cuaca 4hb Dis.- 9hb. Dis. 2024. Angin kencang. Skrg pula musim tengkujuh. Berhati-hatilah. Elakkan aktiviti di pantai / di luar kawasan rumah. Selalulah membaca Qunut Nazilah slps solat utk keselamatan kita di 🇲🇾 & rkyat² 🇵🇸. Jgn lupa di 🇵🇸 mrk masih perlukan doa² kita. #fyp #viral #cuaca #tengkujuh #anginkencang #disember #2024 #bersiapsiaga 	Positive	Dec 04 at 03:37 AM	250	107	9	20500	0.9957	20866
TikTok	TikTok Comment	7444395597060197652_2000001	lma nya munsun	Neutral	Nov 03 at 03:17 AM	2	0	0	0	0.9639	2
TikTok	TikTok Comment	7444395597060197652_2000002	habis semua tenggetam🤣🤣	Positive	Nov 03 at 08:41 AM	1	0	0	0	0.6333	1
TikTok	TikTok Comment	7444395597060197652_2000003	😂😂😂	Neutral	Dec 09 at 09:50 AM	0	0	0	0	0.9271	0
TikTok	TikTok Post	7303752569929665810	Update timun baby 25hst 🥒5 hari hujan xbreti, layan cabaran musim tengkujuh🌧️🌧️….#rajasoloktrading #stanwithfarmers #fertigasi #pertanianadalahperniagaan #petanimilenial #petanimuda #pertanianmalaysia #fertilizer #agrobridgefertiliser #fypシ #xyzbca #petanikeren #foodsupply #CapCut #foodsecuritymalaysia #standwithfarmers 	Neutral	Nov 21 at 03:31 AM	1565	145	45	90900	0.9338	92655
TikTok	TikTok Comment	7303752569929665810_2000001	😂😂😂	Neutral	Dec 05 at 03:44 PM	0	0	0	0	0.9271	0
TikTok	TikTok Comment	7303752569929665810_2000002	semuga yg baik2 aje🥰🥰	Positive	Dec 20 at 08:03 AM	2	0	0	0	0.9924	2
TikTok	TikTok Comment	7303752569929665810_2000003	Allahu deras air	Positive	Dec 27 at 07:18 AM	2	0	0	0	0.9740	2
TikTok	TikTok Post	7299050706336484609	"Hampir memasuki akhir tahun, jadi musim tengkujuh semakin hampir. 

Antara persediaan yang dibuat oleh Menteri Pendidikan dan KPM bagi menghadapi musim tengkujuh ialah menyediakan lebih 5000 buah sekolah dijadikan PPS, sediakan kerusi meja plastik, bekerjasama dengan banyak pihak, menyediakan pasukan kesukarelawan dan banyak lagi.

#fyp #tengkujuh #banjir #kpm #sukarelawan #spm2023 #fadhlinasidek #nadmamalaysia #malaysia #kerajaanperpaduan "	Positive	Nov 08 at 11:24 AM	99	15	11	5003	0.9951	5128
TikTok	TikTok Comment	7299050706336484609_2000001	support 😁	Positive	Dec 17 at 07:44 AM	1	0	0	0	0.9873	1
TikTok	TikTok Comment	7299050706336484609_2000002	air besorr😳	Neutral	Dec 17 at 12:09 PM	1	0	0	0	0.9733	1
TikTok	TikTok Comment	7299050706336484609_2000003	allah besar nyee air	Positive	Dec 17 at 01:40 PM	1	0	0	0	0.9493	1
TikTok	TikTok Post	7384959355512245520	"Wau Helang Sapir,
Wau tradisi Terengganu, bila tiba musim tengkujuh dihari berangin dan tidak hujan. Wau helang sapir akan penuh diruang udara kampung Cendering.
Ping Anchorage travel & tours ada pelbagai pakej untuk beautiful Terengganu untuk sesiapa yang berminat untuk menikmati alam semulajadi, seni, budaya dan warisan Terengganu, Malaysia. 

Wau Helang Sapir,
A traditional kite of Terengganu, during the monsoon season on windy and non-rainy days. The Wau Helang Sapir will fill the skies of the village of Cendering.
Ping Anchorage Travel & Tours offers various packages for beautiful Terengganu for anyone interested in enjoying the nature, art, culture, and heritage of Terengganu, Malaysia.

#TourismMalaysia #cuticutimalaysia #malaysiatrulyasia #marangescapade #pinganchorage #gamelan #permainantradisional #pulaukekabu #bottradisional #pembuatannisan #brisjambubongkok #batupelanduk #terradala #marang #kualaterengganu #beautifulterengganu #pinganchorage  #terraresorts #terrapuri #terradala #terramalai #wauterengganu #wauhelangsapir #wautradisiterengganu #wau  "	Positive	Jun 26 at 11:34 PM	211	38	14	8577	0.9965	8840
TikTok	TikTok Comment	7384959355512245520_2000001	hadir😁😁	Neutral	Dec 18 at 02:46 PM	1	0	0	0	0.9271	1
TikTok	TikTok Comment	7384959355512245520_2000002	Derasnya air..smoga d permudah sgalanya🥺	Positive	Jan 02 at 10:12 AM	1	0	0	0	0.9853	1
TikTok	TikTok Comment	7384959355512245520_2000003	smoga dipermudahkan sgala urusan.. Aamiin	Positive	Jan 05 at 11:21 PM	1	0	0	0	0.9969	1
TikTok	TikTok Post	7444162025111948562	"Cuaca cerah hari nie⛅️⛅️⛅️
#dronemalaysia #djimini4pro #dji #videoviral #capcut #musimtengkujuh #kemaman #terengganu "	Neutral	Dec 03 at 12:30 PM	153	8	88	1066	0.8804	1315
TikTok	TikTok Comment	7444162025111948562_2000001	laju air	Neutral	Jan 19 at 08:36 AM	0	0	0	0	0.9786	0
TikTok	TikTok Comment	7444162025111948562_2000002	🥰🥰🥰	Neutral	Jan 18 at 09:49 AM	0	0	0	0	0.9271	0
TikTok	TikTok Comment	7444162025111948562_2000003	😃sedapnya teh gaharu	Neutral	Nov 25 at 11:28 AM	4	0	0	0	0.9786	4
TikTok	TikTok Post	7441381701638540562	"OMBAK BESAR TENGKUJUH | KEADAAN TERKINI PANTAI MENGABANG TELIPOT | BATU RAKIT KUALA NERUS TERENGGANU

🎥Video November 2024 

#monsoon
#banjir2024
#banjir
#monsuntimurlaut
#musimtengkujuh
#pantaimengabangtelipot
#baturakit
#Terengganu
#Terengganukite
#Malaysia
#DjiMalaysia
#DjiDrone
#MohdNorisanStudio
#MohdNorisanChannel
#foryou #fyp #fypage #fyppppppppppppppppppppppp #monsuntimurlaut #pantaitimur "	Neutral	Nov 26 at 12:41 AM	842	159	60	55700	0.9935	56761
TikTok	TikTok Comment	7441381701638540562_2000001	mna nk dptkn ya	Negative	Nov 27 at 07:27 AM	1	0	0	0	0.4488	1
TikTok	TikTok Comment	7441381701638540562_2000002	berapa harganya tu	Neutral	Nov 27 at 12:11 AM	2	0	0	0	0.9541	2
TikTok	TikTok Comment	7441381701638540562_2000003	tea gaharu yg di campur sedikit madu kelulut pasti rasanya agak masam ...kan tuan?madu kelulut ada expire date tak tuan?	Positive	Nov 27 at 04:13 AM	2	0	0	0	0.9635	2
TikTok	TikTok Post	7303884275395366152	Musim hujan ni boleh pulak kereta rosak,#fyp #mexblu #malaysia #mexblubymagicblue #hujan #tengkujuh #banjir 	Neutral	Nov 21 at 12:01 PM	50	6	1	2707	0.8585	2764
TikTok	TikTok Comment	7303884275395366152_2000001	Waalaikumussalam warahmatullahi wabarakatuh selamat pagi Prof	Positive	Nov 27 at 02:14 AM	2	0	0	0	0.9864	2
TikTok	TikTok Comment	7303884275395366152_2000002	wow pokok ubi Aji No doktor buat cam mne dgn daun nya	Negative	Nov 27 at 12:06 PM	1	0	0	0	0.7424	1
TikTok	TikTok Comment	7303884275395366152_2000003	Suka info👍🥰	Positive	Nov 27 at 03:56 AM	1	0	0	0	0.9860	1
TikTok	TikTok Post	7441076693160316167	#urbangarden #theplot #foryou #pyf #fyp #gaharutea #tehgaharu #malaysia #indonesia #singapore #brunei 	Neutral	Nov 25 at 04:58 AM	1519	263	91	32400	0.9940	34273
TikTok	TikTok Comment	7441076693160316167_2000001	Alhamdulillah 🥰🥰	Positive	Nov 26 at 06:45 AM	3	0	0	0	0.9960	3
TikTok	TikTok Comment	7441076693160316167_2000002	Dimana boleh order teh gaharu	Neutral	May 25 at 04:46 AM	0	0	0	0	0.9929	0
TikTok	TikTok Comment	7441076693160316167_2000003	🥰🥰🥰 Thanks for sharing this tea of Gaharu🫰🫰🫰👍👍👍	Positive	Dec 22 at 02:14 PM	0	0	0	0	0.9327	0
TikTok	TikTok Post	7303752569929665810	Update timun baby 25hst 🥒5 hari hujan xbreti, layan cabaran musim tengkujuh🌧️🌧️….#rajasoloktrading #stanwithfarmers #fertigasi #pertanianadalahperniagaan #petanimilenial #petanimuda #pertanianmalaysia #fertilizer #agrobridgefertiliser #fypシ #xyzbca #petanikeren #foodsupply #CapCut #foodsecuritymalaysia #standwithfarmers 	Neutral	Nov 21 at 03:31 AM	1565	145	45	90900	0.9338	92655
TikTok	TikTok Comment	7303752569929665810_2000001	nauzubillah	Neutral	Dec 04 at 02:14 PM	2	0	0	0	0.8578	2
TikTok	TikTok Comment	7303752569929665810_2000002	Allahuakbar	Neutral	Dec 04 at 12:21 PM	2	0	0	0	0.8626	2
TikTok	TikTok Comment	7303752569929665810_2000003	😭😭😭	Neutral	Dec 04 at 12:16 PM	2	0	0	0	0.9271	2
TikTok	TikTok Post	7443139325329509639	"Hok mane parking bowoh, bulih naik ikut lif bangunan PB Sentral. 
Ada dua lif, hok se tu ngadap pintu PB Square… Hok se lg dekat mule-mule masuk lorong bagunan PB Sentral (sebeloh nge lorong nk masuk parking tingkat atas)

#t#tengkujuhfestt#tengkujuht#tengkujuh2024t#tengkujuhfestbycandawarac#candawarac#candawaraofficiale#eventt#terengganut#tranungt#terengganukite2#2024m#monsunm#monsoond#discoveryterengganua#amazingterengganub#beautifulterengganus#sohottrangnuo#orangkitec#cuticutimalaysiav#visitterengganuv#viralt#terengganumajuberkatsejahterat#terengganutiktokterengganudrawbridge"	Neutral	Nov 30 at 06:22 PM	315	70	13	22700	0.9928	23098
TikTok	TikTok Comment	7443139325329509639_2000001	"بِسۡـــــــــمِ ٱللهِ ٱلرَحۡـمَـٰنِ ٱلرَحِـــــــيمِ.
ﺍَﻟﻠﻬُﻢّﺻَﻞِّﻋَﻠَﻰ ﺳَﻴِّﺪِﻧَﺎ ﻣُﺤَﻤّﺪٍ
ﻭَﻋَﻠَﻰ ﺁﻝِ ﺳَﻴِّﺪِﻧَﺎ ﻣُﺤَﻤّﺪٍ ﷺ
Semoga kita semua didalam lindungan ALLAH SWT"	Positive	Dec 04 at 12:14 PM	2	0	0	0	0.9946	2
TikTok	TikTok Comment	7443139325329509639_2000002	🤲🤲🤲	Neutral	Dec 04 at 05:47 AM	3	0	0	0	0.9271	3
TikTok	TikTok Comment	7443139325329509639_2000003	poly bagi tu Bli ktmne	Neutral	Jan 02 at 07:37 AM	1	0	0	0	0.8205	1
TikTok	TikTok Post	7517481263159069959	Tengku Shah dan Tann Jenn Ming ni ranking dart player no 1 dan no 2 tau kat Malaysia. Dua-dua ni musuh tradisi sebab sebelum ni pun Tan Jenn Ming pernah jadi player no 1 di Malaysia.  #sharERA #3PAGIERA	Negative	Jun 19 at 02:26 AM	2831	155	56	97300	0.9249	100342
TikTok	TikTok Comment	7517481263159069959_2000001	salam dari petani timun Bandung	Positive	Dec 29 at 09:30 AM	1	0	0	0	0.9164	1
TikTok	TikTok Comment	7517481263159069959_2000002	japot	Neutral	Nov 22 at 11:52 AM	1	0	0	0	0.9933	1
TikTok	TikTok Comment	7517481263159069959_2000003	panah merah ke ni	Neutral	Nov 21 at 11:54 AM	1	0	0	0	0.9338	1
TikTok	TikTok Post	7517235120298855698	"Jadi ke Tengku Zafrul pergi PKR?

#news #berita #beritatiktok #beritaviral #malaysiaunfold #malaysiatiktok🇲🇾 #madani #perpaduan #fyppppppppppppppppppppppp #fyp #malaysia"	Neutral	Jun 18 at 10:31 AM	39	3	12	1822	0.9486	1876
TikTok	TikTok Comment	7517235120298855698_2000001	kebun di mano boh....nok gi melawat	Neutral	Nov 21 at 05:13 AM	1	0	0	0	0.9916	1
TikTok	TikTok Comment	7517235120298855698_2000002	blh racun kulat ko msim2 hjn ni?	Neutral	Nov 21 at 04:40 AM	1	0	0	0	0.5242	1
TikTok	TikTok Comment	7517235120298855698_2000003	HATI PUN BERBUNGA2..🥰🥰🥰	Neutral	Nov 21 at 04:03 AM	1	0	0	0	0.9634	1
TikTok	TikTok Post	7516855458821442824	#tiktoklive #livehighlights #terapi #terapishovana #sakitbadan #sakit #tiktokindiantamil #millionoudition #tiktokmalaysia 	Neutral	Jun 17 at 09:58 AM	141	31	5	4024	0.9257	4201
TikTok	TikTok Comment	7516855458821442824_2000001	Comel pokok😊semoga sihat ke akhirnye🤲	Neutral	Nov 21 at 03:40 AM	1	0	0	0	0.8786	1
TikTok	TikTok Comment	7516855458821442824_2000002	hello my friend. what soil or substract do you use ? 🙏	Negative	Feb 02 at 11:58 PM	0	0	0	0	0.8639	0
TikTok	TikTok Comment	7516855458821442824_2000003	Tp xpo kebun sifu paduu sobat 🥰	Neutral	Nov 21 at 07:58 AM	1	0	0	0	0.9607	1
TikTok	TikTok Post	7517175789155142920	"Malaysia Catat Lonjakan 11 Anak Tangga Dalam Laporan Daya Saing Dunia 2025 Terbaik Sejak 2020 - Tengku Zafrul
.
.
Ikuti media sosial GPS
https://t.me/pengundisedar

#gerakanpengundisedar "	Neutral	Jun 18 at 06:41 AM	14	0	8	535	0.9687	557
TikTok	TikTok Comment	7517175789155142920_2000001	🥰🥰🥰 Thanks for sharing this tea of Gaharu🫰🫰🫰👍👍👍	Positive	Dec 22 at 02:14 PM	0	0	0	0	0.9327	0
TikTok	TikTok Comment	7517175789155142920_2000002	😅😂	Neutral	Nov 27 at 09:00 AM	1	0	0	0	0.5000	1
TikTok	TikTok Comment	7517175789155142920_2000003	🥰	Neutral	Nov 25 at 01:05 PM	1	0	0	0	0.5000	1
TikTok	TikTok Post	7517483447682731272	Tengku Shah dan Tann Jenn Ming ni ranking dart player no 1 dan no 2 tau kat Malaysia. Dua-dua ni musuh tradisi sebab sebelum ni pun Tan Jenn Ming pernah jadi player no 1 di Malaysia.  #sharERA #3PAGIERA #fyp	Negative	Jun 19 at 02:35 AM	4394	159	60	166000	0.9051	170613
TikTok	TikTok Comment	7517483447682731272_2000001	🥰🥰🥰	Neutral	Nov 25 at 05:08 AM	2	0	0	0	0.9271	2
TikTok	TikTok Comment	7517483447682731272_2000002	🥰🥰🥰🥰	Neutral	Nov 27 at 02:34 PM	0	0	0	0	0.9271	0
TikTok	TikTok Comment	7517483447682731272_2000003	👍	Neutral	Dec 06 at 02:18 PM	0	0	0	0	0.5000	0
TikTok	TikTok Post	7374989069568314632	"Bantuan Musim Tengkujuh dah boleh mohon mulai esok, 1 Jun 2024.

https://pekebunkecil.risda.gov.my

#RisdaDungun #BantuanMusimTengkujuh #BMT #WargaRISDAMadani #KitaSamaSama #risdaprihatin #pekebunkecilmakmur 
#risdaprihatinpekebunkecilmakmur
#risdanegeriterengganu
#risdadungunprihatinpekebunkecil"	Neutral	May 31 at 02:44 AM	256	294	49	40700	0.9933	41299
TikTok	TikTok Comment	7374989069568314632_2000001	🥰🥰🥰🥰🥰	Neutral	Dec 04 at 06:38 AM	0	0	0	0	0.9271	0
TikTok	TikTok Comment	7374989069568314632_2000002	👍👍	Neutral	Nov 30 at 10:38 AM	0	0	0	0	0.5000	0
TikTok	TikTok Comment	7374989069568314632_2000003	👍	Neutral	Nov 29 at 01:36 PM	0	0	0	0	0.5000	0
TikTok	TikTok Post	7517532914880384263	"Federal Court quashes 2014 fatwa against SIS

#FMTNews #SIS #TengkuMaimunTuanMat #Trending #fyp #NewsAtTiktok #TrendingNewsMalaysia #FMTEng #BreakingNews #NewsUpdate"	Neutral	Jun 19 at 05:47 AM	95	12	9	4671	0.9936	4787
TikTok	TikTok Comment	7517532914880384263_2000001	🥰🥰🥰	Neutral	Nov 30 at 05:28 AM	0	0	0	0	0.9271	0
TikTok	TikTok Comment	7517532914880384263_2000002	HATI PUN BERBUNGA2..🥰🥰🥰	Neutral	Nov 21 at 04:03 AM	1	0	0	0	0.9634	1
TikTok	TikTok Comment	7517532914880384263_2000003	poly bagi tu Bli ktmne	Neutral	Jan 02 at 07:37 AM	1	0	0	0	0.8205	1
TikTok	TikTok Post	7518013393152871698	"🚫 Sri Pahang sah tidak bertanding dalam saingan musim 2025/26!

Walaupun telah melengkapkan Lesen Kebangsaan, kelab dari Pantai Timur itu menghantar surat pengesahan pada 16 Jun 2025 bagi menarik diri daripada aksi Liga Malaysia musim ini. ❌

Semoga bangkit semula musim akan datang! 💪

#ligamalaysia #ligasupermalaysia #sripahangfc #malaysiafootball #footballedit #fypppp #hotice "	Positive	Jun 20 at 12:51 PM	58	2	2	897	0.9870	959
TikTok	TikTok Comment	7518013393152871698_2000001	salam dari petani timun Bandung	Positive	Dec 29 at 09:30 AM	1	0	0	0	0.9164	1
TikTok	TikTok Comment	7518013393152871698_2000002	japot	Neutral	Nov 22 at 11:52 AM	1	0	0	0	0.9933	1
TikTok	TikTok Comment	7518013393152871698_2000003	pitih bos ku	Neutral	Nov 21 at 02:53 PM	1	0	0	0	0.9026	1
TikTok	TikTok Post	7517866925993495816	"Sri Pahang sah tidak beraksi dalam saingan Liga Malaysia musim depan meskipun sudah menerima Lesen Kebangsaan.

#AstroRadioNews #SriPahang #MFL "	Neutral	Jun 20 at 03:23 AM	66	10	4	1665	0.8777	1745
TikTok	TikTok Comment	7517866925993495816_2000001	panah merah ke ni	Neutral	Nov 21 at 11:54 AM	1	0	0	0	0.9338	1
TikTok	TikTok Comment	7517866925993495816_2000002	Comel pokok😊semoga sihat ke akhirnye🤲	Neutral	Nov 21 at 03:40 AM	1	0	0	0	0.8786	1
TikTok	TikTok Comment	7517866925993495816_2000003	Tp xpo kebun sifu paduu sobat 🥰	Neutral	Nov 21 at 07:58 AM	1	0	0	0	0.9607	1
TikTok	TikTok Post	7517880139397549319	"Rasmi Sri Pahang FC Tidak Akan Bertanding Di Musim Baru Liga Super 2025/26 ✍️

#malaysia #malaysiatiktok #malaysianupdate #malaysiadihatiku #malaysian #malaysiaboleh #harimaumalaya🇲🇾 #harimaumalaya #harimaumalaya🐯 #tmj #fam #fyp #fypage #fypppppppppppppp #fypシ゚viral🖤tiktok #fypdong #fyppppppppppppppppppppppp #fypgakni #fypp #fypシ゚ #CapCut "	Neutral	Jun 20 at 04:14 AM	1338	64	32	23900	0.9309	25334
TikTok	TikTok Comment	7517880139397549319_2000001	kebun di mano boh....nok gi melawat	Neutral	Nov 21 at 05:13 AM	1	0	0	0	0.9916	1
TikTok	TikTok Comment	7517880139397549319_2000002	blh racun kulat ko msim2 hjn ni?	Neutral	Nov 21 at 04:40 AM	1	0	0	0	0.5242	1
TikTok	TikTok Comment	7517880139397549319_2000003	😳	Neutral	Dec 06 at 09:12 AM	0	0	0	0	0.5000	0
TikTok	TikTok Post	7517596603113377041	"Masa semakin suntuk, bintang muda Selangor mesti beraksi cemerlang elak disingkir pada musim berikutnya.

#Majoriti #trendingnewsinMalaysia #beritadiTikTok #SelangorFC #GergasiMerah #MKLK #fyp"	Positive	Jun 19 at 03:00 PM	459	11	3	36800	0.9444	37273
TikTok	TikTok Comment	7517596603113377041_2000001	Tacos pon ada ye nanti. 😁😁😁	Neutral	Dec 01 at 12:57 AM	3	0	0	0	0.9913	3
TikTok	TikTok Comment	7517596603113377041_2000002	ooo ade laluan lain ye dkt situ.. 👍🏻	Neutral	Dec 01 at 12:49 AM	1	0	0	0	0.9813	1
TikTok	TikTok Comment	7517596603113377041_2000003	Wpe hb dan masa?	Neutral	Dec 02 at 11:20 AM	0	0	0	0	0.9785	0
TikTok	TikTok Post	7517907934408461576	"Stunning Beach at Pantai Kemasik .
Pantai KEMASIK adalah pantai yang terletak di Kemaman , Terengganu 
Sesudah habis Musim Monsun Timur Laut Air pantai ini akan jernih Dan menjadi tempat healing bagi warga Bandar 
#pantaikemasik #pantaicantikmalaysia #pantaicantikterengganu 
#pantaivibes #tourismmalaysia #terengganumajuberkatsejahtera #tempatmenarikterengganu"	Positive	Jun 20 at 06:02 AM	73	15	6	1317	0.9381	1411
TikTok	TikTok Comment	7517907934408461576_2000001	hadir support members 😁	Positive	Dec 04 at 04:27 PM	0	0	0	0	0.9263	0
TikTok	TikTok Comment	7517907934408461576_2000002	@amunnn ᥫ᭡ hi babee	Neutral	Dec 02 at 01:35 PM	1	0	0	0	0.9885	1
TikTok	TikTok Comment	7517907934408461576_2000003	Ayie fried chicken Ayam gunting paling padu..ada di event ni	Positive	Dec 01 at 01:20 AM	2	0	0	0	0.9891	2
TikTok	TikTok Post	7517996706697399560	"JDT akan mengadakan aksi Pra musim di Sepanyol!! 🚨

#malaysiafootball #malaysiafootballteam #malaysiafootballleague #famalaysia #ligasupermalaysia #masukberanda #fyp #fypage #foryoupage #tiktokmalaysia "	Neutral	Jun 20 at 11:46 AM	389	2	10	4512	0.8852	4913
TikTok	TikTok Comment	7517996706697399560_2000001	akhir nye sukan dart di malysia di angkat	Positive	Jun 19 at 06:05 AM	63	0	0	0	0.9026	63
TikTok	TikTok Comment	7517996706697399560_2000002	Nasir bomba no berapaaa?	Neutral	Jun 19 at 12:04 PM	0	0	0	0	0.6216	0
TikTok	TikTok Comment	7517996706697399560_2000003	No doubt. Mmng power 🔥	Positive	Jun 19 at 01:14 PM	0	0	0	0	0.9706	0
TikTok	TikTok Post	7518033059426356496	"Lima perlawanan pertama, semuanya penting dalam menentukan musim kelab masing-masing. Agak-agak, berapa mata Liverpool, Man United dan Arsenal akan dapat? 🤔

Klik link untuk baca artikel penuh.

#Majoriti #BeritaDiTikTok #TrendingnewsMalaysia #EPL #MUFC #Arsenal #LFC #COYG #YNWA #GGMU #fyp "	Positive	Jun 20 at 02:08 PM	303	2	6	19900	0.9383	20211
TikTok	TikTok Comment	7518033059426356496_2000001	mantap sukan dart i like sukan dart👍	Positive	Jun 19 at 09:30 AM	0	0	0	0	0.9966	0
TikTok	TikTok Comment	7518033059426356496_2000002	Tahniah Tengku Ahmad & Mr Tan ❗👍👍👍 👏👏👏 🇲🇾🇵🇸	Positive	Jun 19 at 09:30 AM	0	0	0	0	0.9963	0
TikTok	TikTok Comment	7518033059426356496_2000003	hebat mereka berdua ni👍 tak sangka kita ada 2 player Dart taraf dunia🥰 bangga weyyhh..	Positive	Jun 19 at 11:29 AM	0	0	0	0	0.9635	0
TikTok	TikTok Post	7517930142686006529	"Sri Pahang FC sah menarik diri daripada Liga Super musim 2025/26 selepas menghantar surat berkenaan kepada Liga Bolasepak Malaysia (MFL) pada 16 Jun lalu. Ini bermakna 16 pasukan akan bersaing di Liga Super musim depan, sama seperti musim lalu.
#sripahangfc #ligasupermalaysia #ligasuper #mfl #fam #saipulnrayyan #capitaneusofship  #teamscarcity #sahabatbosskay #creatorsearchinsights "	Positive	Jun 20 at 07:29 AM	136	14	14	8220	0.5773	8384
TikTok	TikTok Comment	7517930142686006529_2000001	di angkat kemana ? ....kita tengok sejauh mana pihak berkenaan boleh membantu para sukan dart di Malaysia	Positive	Jun 19 at 08:27 AM	6	0	0	0	0.9895	6
TikTok	TikTok Comment	7517930142686006529_2000002	Kahar BW no 3	Neutral	Jun 19 at 01:05 PM	0	0	0	0	0.9936	0
TikTok	TikTok Comment	7517930142686006529_2000003	CF Man	Neutral	Jun 19 at 08:16 AM	0	0	0	0	0.9936	0
TikTok	TikTok Post	7517882638460357906	#kenangan musimnya telah tiba persiapkan diri untuk bertemput di alam randuk 🤗🤗🤗#perantausepi65 #merantaukemanasaja #merantaumencarirezeki #tomanbunga #kerandang #caster #kakiranduk #snakehead #snakeheadhunter #spperak #channa #channamaru #channamarulocalmalaysia #fyp #banyakkansedekah #banyakkanselawat #rezeki_allah #semogadipermudahkansegalanya 	Positive	Jun 20 at 04:24 AM	125	0	4	1115	0.9962	1244
TikTok	TikTok Comment	7517882638460357906_2000001	team malaysia terbaik	Positive	Jun 19 at 07:21 AM	3	0	0	0	0.9967	3
TikTok	TikTok Comment	7517882638460357906_2000002	kau sembang apa wak...kontol	Negative	Jun 18 at 12:19 PM	1	0	0	0	0.9349	1
TikTok	TikTok Comment	7517882638460357906_2000003	Yg becakap tu org pun tqk caya kat dia😀😀😀	Positive	Jun 18 at 02:18 PM	1	0	0	0	0.9816	1
TikTok	TikTok Post	7517907469641846023	King diwan 👑 #newholland8070 #fyp #mesinpadi #musimpadi #kingpilot #agriculturetiktok #drebamuda #rezekidisawah #newhollandmalaysia @mat_diwan @Danial🎰 	Neutral	Jun 20 at 06:00 AM	127	1	0	471	0.7497	599
TikTok	TikTok Comment	7517907469641846023_2000001	mampuslah umno	Negative	Jun 18 at 04:14 PM	1	0	0	0	0.9964	1
TikTok	TikTok Comment	7517907469641846023_2000002	Zafrul sedang loading....	Neutral	Jun 18 at 01:58 PM	1	0	0	0	0.9606	1
TikTok	TikTok Comment	7517907469641846023_2000003	koyak la tu🤣🤣🤣	Negative	Jun 18 at 12:48 PM	0	0	0	0	0.6559	0
TikTok	TikTok Post	7517250005061700882	Rakyat Malaysia yang berada di Iran dijangka akan dipindahkan keluar dengan bantuan kerajaan pada Jumaat ini.	Negative	Jun 18 at 11:29 AM	133	0	2	6358	0.7034	6493
TikTok	TikTok Comment	7517250005061700882_2000001	hidup umno	Negative	Jun 19 at 04:57 PM	0	0	0	0	0.9966	0
TikTok	TikTok Comment	7517250005061700882_2000002	porahhhhh .....	Neutral	Jun 18 at 11:34 AM	3	0	0	0	0.9619	3
TikTok	TikTok Comment	7517250005061700882_2000003	yg brckp tu pon 2x5	Neutral	Jun 18 at 12:07 PM	3	0	0	0	0.9843	3
TikTok	TikTok Post	7517470678711323911	BANTUAN PENGELUARAN KWSP RM10,000 MELALUI AKAUN 1 KINI TELAH DIBENARKAN‼️ #bantuan #pengeluaran #kwsp #kerajaanmadani #malaysiamadani #fyp  #trendingnewsmalaysia 	Positive	Jun 19 at 01:45 AM	508	154	32	52500	0.9509	53194
TikTok	TikTok Comment	7517470678711323911_2000001	🤣🤣🤣2x5 sembang 🤣🤣🤣	Neutral	Jun 18 at 11:47 AM	1	0	0	0	0.9776	1
TikTok	TikTok Comment	7517470678711323911_2000002	Ada guna apa yaa dia ni bercakap..xnk dengar lah aku..dah lah sanggup gabung dgn ph..dulu bkn main lg, No Dap No Anwar lah apa lah..sekarang ni..aduhai..elok laa dia jd presiden umno.. boleh lingkup terus umno sekali dgn dia	Negative	Jun 18 at 08:50 PM	0	0	0	0	0.9967	0
TikTok	TikTok Comment	7517470678711323911_2000003	👍👍👍	Neutral	Jun 20 at 02:40 PM	0	0	0	0	0.9271	0
TikTok	TikTok Post	7517832005040606482	#BantuanDapurGas #BantuanKerajaan#2025  #UntukWargaMalaysia  #foryou 	Neutral	Jun 20 at 01:07 AM	15	5	10	659	0.9934	689
TikTok	TikTok Comment	7517832005040606482_2000001	srs la 😔	Neutral	Jun 20 at 03:21 PM	0	0	0	0	0.9854	0
TikTok	TikTok Comment	7517832005040606482_2000002	imut ko lah🤣🤣🤣🤣sudah bosan dgn b.s .phg🤣🤣🤣🤣	Negative	Jun 20 at 04:50 AM	0	0	0	0	0.7435	0
TikTok	TikTok Comment	7517832005040606482_2000003	first	Neutral	Jun 20 at 03:27 AM	0	0	0	0	0.9832	0
TikTok	TikTok Post	7517657423704821010	MAJLIS PENYERAHAN BANTUAN KHAS SEBANYAK RM5,000.00 KEPADA PENIAGA KECIL GERAI TEPI JALAN YANG MEMPUNYAI LESEN PERNIAGAAN YANG SAH. Salah satu Inisiatif Kerajaan Negeri Sabah Membantu Peniaga Kecil melalui Program BANTUAN UNTUKMU.. #jj #fyp #RumahKitaKitaJaga #SabahMajuJaya #sayangilamag #uppmlamag #kerajaangrs 	Positive	Jun 19 at 01:50 PM	550	160	50	14000	0.9964	14760
TikTok	TikTok Comment	7517657423704821010_2000001	bye bye	Neutral	Jun 20 at 11:35 AM	0	0	0	0	0.9565	0
TikTok	TikTok Comment	7517657423704821010_2000002	😢😢😢😢😢	Neutral	Jun 20 at 07:35 AM	0	0	0	0	0.9271	0
TikTok	TikTok Comment	7517657423704821010_2000003	🤔🤔🤔	Neutral	Jun 20 at 09:48 AM	0	0	0	0	0.9271	0
TikTok	TikTok Post	7517968144883830024	YAB PMX UMUM BANTUAN TAMBAHAN KERANA KENANG KES KASUT HILANG #malaysiatiktok #demipertiwi #rakyatmalaysia #pmx #foryou #kerajaanperpaduan #madani #pmanwar #kerajaanperpaduan #madani #pmanwar #malaysiamadani #malaysia #keadilanuntuksemua #kerajaanmadani #perdanamenteri 	Negative	Jun 20 at 09:56 AM	454	17	46	9065	0.9335	9582
TikTok	TikTok Comment	7517968144883830024_2000001	first	Neutral	Jun 20 at 04:16 AM	2	0	0	0	0.9832	2
TikTok	TikTok Comment	7517968144883830024_2000002	Official mallorca = Jon irazábal	Neutral	Jun 20 at 04:38 AM	10	0	0	0	0.9935	10
TikTok	TikTok Comment	7517968144883830024_2000003	abistu padang dh tukar tu mcm mna plk	Negative	Jun 20 at 05:06 AM	9	0	0	0	0.9848	9
TikTok	TikTok Post	7517570388893682962	[Pengumuman] MyKad bukan sekadar kad pengenalan tapi berpotensi menjadi alat pemudah penyasar subsidi bagi memastikan bantuan kerajaan dinikmati golongan sepatutnya.	Positive	Jun 19 at 08:12 AM	45	4	2	1599	0.9725	1650
TikTok	TikTok Comment	7517570388893682962_2000001	betullah tmj cakap	Neutral	Jun 20 at 04:25 AM	5	0	0	0	0.9744	5
TikTok	TikTok Comment	7517570388893682962_2000002	terima kasih lh kepada SRP Pahang bersama liga super 2022 2023 2024/2025 ye	Positive	Jun 20 at 04:28 AM	3	0	0	0	0.9922	3
TikTok	TikTok Comment	7517570388893682962_2000003	perosak	Neutral	Jun 20 at 04:21 AM	1	0	0	0	0.9816	1
TikTok	TikTok Post	7517576037086072071	Betul ke kerajaan tak peduli kos sara hidup rakyat? #rakyatchannel #isusemasa #isusemasaviral #infoterkini #kossarahiduprakyat #kerajaanmadani #bantuankerajaanmadani  #bantuansumbangantunairahmah #STR #SARA #bantuankerajaan2025 #subsidi #madani #programpayungrahmah #jualanrahmahmadani #fyp  #inforakyat #infokomuniti 	Negative	Jun 19 at 08:34 AM	46	6	20	1001	0.9947	1073
TikTok	TikTok Comment	7517576037086072071_2000001	duo	Neutral	Jun 20 at 04:18 AM	1	0	0	0	0.9866	1
TikTok	TikTok Comment	7517576037086072071_2000002	bye ii pahang 🥹🥴	Neutral	Jun 20 at 08:28 AM	0	0	0	0	0.9816	0
TikTok	TikTok Comment	7517576037086072071_2000003	ibrahim manusi buat pilihan yg tepat.. haters xtahu bnda ni..	Negative	Jun 20 at 09:33 AM	0	0	0	0	0.9110	0
TikTok	TikTok Post	7517998157217778945	MED4IRN di Sabah adalah bukti komitmen kita untuk memastikan agenda pendigitalan kita inklusif merentasi seluruh negara. Mesyuarat-mesyuarat MED4IRN adalah penting sebagai platform untuk menghimpunkan para pihak berkepentingan termasuklah para menteri, pengerusi kluster, dan agensi-agensi berkaitan untuk membincangkan polisi dan program yang bakal merealisasikan halatuju digital Malaysia. #MED4IRN #Sabah  #Digital	Positive	Jun 20 at 11:53 AM	31	0	2	363	0.9965	396
TikTok	TikTok Comment	7517998157217778945_2000001	Selamat tinggal team negeri ku	Neutral	Jun 20 at 07:45 AM	0	0	0	0	0.8092	0
TikTok	TikTok Comment	7517998157217778945_2000002	Banyak player muda club lain yg bagus dari mereka ni...	Positive	Jun 20 at 01:35 AM	1	0	0	0	0.9731	1
TikTok	TikTok Comment	7517998157217778945_2000003	😁😁😁	Neutral	Jun 19 at 03:05 PM	0	0	0	0	0.9271	0
TikTok	TikTok Post	7515694186788605192	#akakpampersasnaf #asnaf #bantuankerajaan Bersyukurlah	Positive	Jun 14 at 06:52 AM	1381	103	569	53000	0.9288	55053
TikTok	TikTok Comment	7515694186788605192_2000001	HAHAHAHAHAHAHAHAHAHAHAHAHAHAHQ	Neutral	Jun 20 at 07:02 AM	0	0	0	0	0.8939	0
TikTok	TikTok Comment	7515694186788605192_2000002	cantik.nya,ND filter berapa ni	Positive	Jun 20 at 03:19 PM	0	0	0	0	0.9958	0
TikTok	TikTok Comment	7515694186788605192_2000003	memang r rmai orang dok tau..aku keje kt awana kijal dlu selalu g ronda2 tepi pantai sampai kt kemasik..hu..hu..cantik	Positive	Jun 20 at 09:08 AM	0	0	0	0	0.9963	0
TikTok	TikTok Post	7513862078717775160	silahkan yang mau mampir #pkh #bantuanpemerintah #bantuansosial #bantuankerajaan  #fyp #fypage #fyppppppppppppppppppppppp 	Neutral	Jun 09 at 08:22 AM	1466	27	149	138200	0.4736	139842
TikTok	TikTok Comment	7513862078717775160_2000001	"Salam persahabatan.
Mntap sahabat...👍👍👍"	Neutral	Jun 20 at 02:05 PM	0	0	0	0	0.6778	0
TikTok	TikTok Comment	7513862078717775160_2000002	nice	Positive	Jun 20 at 01:58 PM	0	0	0	0	0.7354	0
TikTok	TikTok Comment	7513862078717775160_2000003	💜💜💜	Neutral	Jun 20 at 09:08 AM	0	0	0	0	0.9271	0
TikTok	TikTok Comment	7513862078717775160_2000004	👍👍👍	Neutral	Jun 20 at 10:32 AM	0	0	0	0	0.9271	0
TikTok	TikTok Comment	7513862078717775160_2000005	1	Neutral	Jun 18 at 11:42 AM	0	0	0	0	0.5000	0
TikTok	TikTok Comment	7513862078717775160_2000006	kalau aku ada kat Iran aku tak balik...	Neutral	Jun 18 at 11:49 AM	0	0	0	0	0.9887	0
TikTok	TikTok Comment	7513862078717775160_2000007	.	Neutral	Jun 18 at 11:38 AM	0	0	0	0	0.5000	0
TikTok	TikTok Comment	7513862078717775160_2000008	btul ke ni 🤣🤣🤣🤣	Neutral	Jun 20 at 09:22 AM	0	0	0	0	0.9806	0
TikTok	TikTok Comment	7513862078717775160_2000009	akaun 2 kurang la	Neutral	Jun 20 at 02:22 PM	1	0	0	0	0.9904	1
TikTok	TikTok Comment	7513862078717775160_2000010	sila semak dibio🤣🤣	Neutral	Jun 20 at 10:35 AM	1	0	0	0	0.9298	1
TikTok	TikTok Comment	7513862078717775160_2000011	betul ke nie	Neutral	Jun 20 at 09:27 AM	1	0	0	0	0.9804	1
TikTok	TikTok Comment	7513862078717775160_2000012	Betul ke nk jika benar alhmdulillah dh kuat $10k.. baki lgi $89k tunggu lh 5btahun lgi bru keluar	Positive	Jun 20 at 12:25 PM	1	0	0	0	0.9963	1
TikTok	TikTok Comment	7513862078717775160_2000013	tetap payah pusing Nuar	Negative	Jun 20 at 10:36 AM	1	0	0	0	0.4647	1
TikTok	TikTok Comment	7513862078717775160_2000014	klau betul syukur la dapt juga membyr hutng2 amin	Positive	Jun 20 at 06:36 AM	1	0	0	0	0.9940	1
TikTok	TikTok Comment	7513862078717775160_2000015	alhamdulillah lah klu begitu naik kan lebih 😊☺️🤣	Positive	Jun 20 at 10:38 AM	1	0	0	0	0.9957	1
TikTok	TikTok Comment	7513862078717775160_2000016	duit saya d KWSP tgal 7 ratu😳🥰🤗🤗	Neutral	Jun 20 at 12:22 PM	1	0	0	0	0.9716	1
TikTok	TikTok Comment	7513862078717775160_2000017	bangus2 saya punya kurang dri rm10,000	Neutral	Jun 20 at 07:04 AM	1	0	0	0	0.9758	1
TikTok	TikTok Comment	7513862078717775160_2000018	@saya nak dapur gas	Neutral	Jun 20 at 02:06 AM	1	0	0	0	0.9934	1
TikTok	TikTok Comment	7513862078717775160_2000019	saya nak LA klu ado rezeki	Positive	Jun 20 at 02:39 AM	1	0	0	0	0.9934	1
TikTok	TikTok Comment	7513862078717775160_2000020	ssya nak	Neutral	Jun 20 at 01:46 AM	1	0	0	0	0.9401	1
TikTok	TikTok Comment	7513862078717775160_2000021	Sya pun nk	Neutral	Jun 20 at 05:26 AM	0	0	0	0	0.8982	0
TikTok	TikTok Comment	7513862078717775160_2000022	🥰🥰	Neutral	Jun 20 at 07:21 AM	0	0	0	0	0.5000	0
TikTok	TikTok Comment	7513862078717775160_2000023	😎	Neutral	Jun 20 at 02:53 AM	0	0	0	0	0.5000	0
TikTok	TikTok Comment	7513862078717775160_2000024	sya nk dapur klau rezeki sya ada	Positive	Jun 20 at 07:18 AM	0	0	0	0	0.8113	0
TikTok	TikTok Comment	7513862078717775160_2000025	jgn sembarangan mmberi..ada yg ada lesen tp nda bniaga pun..	Negative	Jun 20 at 05:32 AM	3	0	0	0	0.8995	3
TikTok	TikTok Comment	7513862078717775160_2000026	"Macam Mana Dengan kerja pembaikan Jalan di Kg"" yg rosak , Salah satu ny kg Sinar Jaya , Jalan Tanjung Bulat tu usaha pnduduk lg yg trjejas prgi timbus tapi hari"" kreta besar kecil lalu tu jalan cuaca pun ndk mnntu skrg mahu btmbah dalam lagi balik tu jalan ..."	Negative	Jun 20 at 01:53 AM	2	0	0	0	0.9228	2
TikTok	TikTok Comment	7513862078717775160_2000027	Macm man klau punya traning lesen tuan bisa dptkah bantuan	Negative	Jun 20 at 08:48 AM	0	0	0	0	0.8077	0
TikTok	TikTok Comment	7513862078717775160_2000028	🤲aamiin	Neutral	Jun 19 at 04:04 PM	2	0	0	0	0.9271	2
TikTok	TikTok Comment	7513862078717775160_2000029	Mcm mna cara memohon	Neutral	Jun 19 at 02:33 PM	2	0	0	0	0.8522	2
TikTok	TikTok Comment	7513862078717775160_2000030	mcm mna cara mohon	Neutral	Jun 19 at 02:29 PM	2	0	0	0	0.9672	2
TikTok	TikTok Comment	7513862078717775160_2000031	mcm mna cara² memohon ni tuan, bila lagi d buka ini bantuan	Negative	Jun 19 at 02:01 PM	1	0	0	0	0.9875	1
TikTok	TikTok Comment	7513862078717775160_2000032	terbaik👍	Neutral	Jun 19 at 02:30 PM	1	0	0	0	0.9271	1
TikTok	TikTok Comment	7513862078717775160_2000033	"macam mana tuan memohon ini
terkecuali ke klu dikg kuamut...saya ada kedai runcit kecil.kecilan..dan ada juga lesan kedai."	Neutral	Jun 20 at 08:10 AM	0	0	0	0	0.9810	0
TikTok	TikTok Comment	7513862078717775160_2000034	taniah yang dapat bantuan tu syabas KB dan tuan Nizam mudahan Allah menyebelahi kalian berdua.	Positive	Jun 19 at 02:14 PM	1	0	0	0	0.9950	1
TikTok	TikTok Comment	7513862078717775160_2000035	walaun 8481	Neutral	Jun 20 at 10:07 AM	10	0	0	0	0.9934	10
TikTok	TikTok Comment	7513862078717775160_2000036	Alhamdulillah terbaik pmx❤️💙	Positive	Jun 20 at 01:05 PM	2	0	0	0	0.9968	2
TikTok	TikTok Comment	7513862078717775160_2000037	terima kadih pmx bagi bantuan tambahan	Positive	Jun 20 at 10:22 AM	9	0	0	0	0.9968	9
TikTok	TikTok Comment	7513862078717775160_2000038	Terbaik pmx	Neutral	Jun 20 at 03:35 PM	0	0	0	0	0.4914	0
TikTok	TikTok Comment	7513862078717775160_2000039	Allah Humma Solliala Saiyidina Muhammad ❤️❤️❤️❤️Terbaik Pmx	Neutral	Jun 20 at 11:30 AM	5	0	0	0	0.9823	5
TikTok	TikTok Comment	7513862078717775160_2000040	MasyaAllah	Neutral	Jun 20 at 11:37 AM	0	0	0	0	0.9635	0
TikTok	TikTok Comment	7513862078717775160_2000041	Tajam ingats	Neutral	Jun 20 at 10:17 AM	5	0	0	0	0.9936	5
TikTok	TikTok Comment	7513862078717775160_2000042	🥰🥰🥰🥰🥰	Neutral	Jun 20 at 01:47 PM	1	0	0	0	0.9271	1
TikTok	TikTok Comment	7513862078717775160_2000043	♥️	Neutral	Jun 20 at 10:31 AM	1	0	0	0	0.5000	1
TikTok	TikTok Comment	7513862078717775160_2000044	👍👍👍🇲🇾🇲🇾🇲🇾🥰🥰🥰	Neutral	Jun 20 at 01:34 PM	1	0	0	0	0.9271	1
